source_enum	members	decision	current_enums	member_reuse	reason
include/File/DataFileKind.h:DataFileKind	DATA_FILE_IMAGE=0;DATA_FILE_IMAGE_FCH=1;DATA_FILE_EFFECT=2;DATA_FILE_MAP=3;DATA_FILE_ET_A=4;DATA_FILE_SOUND_SM=5;DATA_FILE_SOUND_SB=6;DATA_FILE_SOUND_ST=7;DATA_FILE_SOUND_SE=8;DATA_FILE_SCRIPT=9;DATA_FILE_OBJECT=10;DATA_FILE_ITEM_RECORDS=11;DATA_FILE_TABLE=12;DATA_FILE_GD=13;DATA_FILE_OBJECT_SCRIPT=14;DATA_FILE_IMAGE_VARIANT=15	retain	include/File/DataFileKind.h:DataFileKind		OpenDataFile selects resource-file families; equal 0..15 indices in demon classes, condition actions, and text colors select different tables.
include/File/DataTableId.h:DataTableId	DATA_TABLE_DEMONS=0;DATA_TABLE_ITEM_RECORDS=1;DATA_TABLE_MAP_MASK=2;DATA_TABLE_MOON=3;DATA_TABLE_SKILLS=4;DATA_TABLE_FIELD_ENCOUNTER_WEIGHTS=5;DATA_TABLE_EQUIPMENT_RULES=6;DATA_TABLE_OBJECT_SCRIPT_SETS=7;DATA_TABLE_ITEM_MENU_STOCK=8;DATA_TABLE_FIELD_EVENTS=10;DATA_TABLE_FUSION_RACES=12;DATA_TABLE_WORLD_PLACES=13;DATA_TABLE_FUSION_CLASSES=15;DATA_TABLE_FUSION_RESTRICTIONS=17;DATA_TABLE_GUN_DISTRIBUTION=18;DATA_TABLE_MOON_FLAGS=25;DATA_TABLE_WORLD_EVENTS=32;DATA_TABLE_WORLD_ENCOUNTERS=33;DATA_TABLE_AREA_SKILL_FLAGS=40;DATA_TABLE_LEARNABLE_SKILLS=48;DATA_TABLE_SKILL_LEARNING_REQUIREMENTS=49;DATA_TABLE_ITEM_INDEX=256;DATA_TABLE_FIELD_MESSAGES=257;DATA_TABLE_WORLD_ENCOUNTER_BLOCKS_BEGIN=4096;DATA_TABLE_WORLD_FIELD_INDEX=4351	retain	include/File/DataTableId.h:DataTableId		OpenDataFile receives these IDs to choose named table resources, for example the moon, fusion, world-place, and item tables; DataFileKind separately selects a file family.
include/Game/ActionMark.h:ActionMark	ACTION_UNMARKED=0;ACTION_MARKED=1	pending	include/Game/ActionMark.h:ActionMark		
include/Game/ActionMark.h:ActionWaitTicks	ACTION_WAIT_READY=0;ACTION_WAIT_QUEUED=1;ACTION_WAIT_RESET=255;ACTION_WAIT_EXTENDED=512	pending	include/Game/ActionMark.h:ActionWaitTicks		
include/Game/ActionOutcome.h:ActionOutcome	ACTION_OUTCOME_DEFAULT=0;ACTION_OUTCOME_CONDITION=1;ACTION_OUTCOME_BATTLE_TALLY=2	pending	include/Game/ActionOutcome.h:ActionOutcome		
include/Game/ActorFlag.h:ActorFlag	ACTOR_FLAG_POINTS_READY=0;ACTOR_FLAG_ROBOT=1;ACTOR_FLAG_TALK_BATTLE=2;ACTOR_FLAG_TALK_OVERCHARGE=3;ACTOR_FLAG_TALK_INTRODUCED=4;ACTOR_FLAG_TALK_APPROACHED=5;ACTOR_FLAG_TALK_DISARMED=6;ACTOR_FLAG_TALK_DOUBLE_DEMAND=7;ACTOR_FLAG_BATTLE=8;ACTOR_FLAG_FOUGHT=9;ACTOR_FLAG_NOTICED=10;ACTOR_FLAG_ANCHORED=32;ACTOR_FLAG_INVISIBLE=33;ACTOR_FLAG_ESTOMA=34;ACTOR_FLAG_MOON_ACCURACY_EVASION_UP=35;ACTOR_FLAG_MOON_ACCURACY_EVASION_DOWN=36;ACTOR_FLAG_MAX_HP_DOUBLE_WEAPON_BOOST=37;ACTOR_FLAG_MAX_POOLS_DOUBLE_ASH_PENDING=38;ACTOR_FLAG_DESAMAN=63	pending	include/Game/ActorFlag.h:ActorFlag		
include/Game/AlignmentSide.h:AlignmentSide	ALIGNMENT_NEGATIVE=-1;ALIGNMENT_NEUTRAL=0;ALIGNMENT_POSITIVE=1	pending	include/Game/AlignmentSide.h:AlignmentSide		
include/Game/Analyze.h:AnalyzeStep	ANALYZE_STEP_CLOSE=-1;ANALYZE_STEP_SHOW_NAME=0;ANALYZE_STEP_SHOW_DATA=1;ANALYZE_STEP_WAIT=2;ANALYZE_STEP_OFFER_DETAIL=3;ANALYZE_STEP_RUN_MENU=4;ANALYZE_STEP_SHOW_DETAIL=5;ANALYZE_STEP_END_DETAIL=6	pending	include/Game/Analyze.h:AnalyzeStep		
include/Game/AreaLevel.h:WallTextureKind	WALL_TEXTURE_UNLIT=6;WALL_TEXTURE_MAP_OVERRIDE=10	pending	include/Game/AreaLevel.h:WallTextureKind		
include/Game/AreaMap.h:CellEventKind	CELL_EVENT_NONE=0;CELL_EVENT_WARP=1;CELL_EVENT_BATTLE=2;CELL_EVENT_SCRIPT=3;CELL_EVENT_OBJECT=4;CELL_EVENT_WORLD_EXIT=5;CELL_EVENT_FROZEN_SCENE=6;CELL_EVENT_CHUTE=7;CELL_EVENT_STAIRS=8;CELL_EVENT_FORCED_MOVE=9;CELL_EVENT_FLOOR_PROPERTY=10;CELL_EVENT_TRAP=11;CELL_EVENT_FADE_SCENE=12;CELL_EVENT_INERT=13;CELL_EVENT_MARKED_WARP=14	retain	include/Game/AreaMap.h:CellEventKind		The cell-kind table maps authored CellCode bytes to these event-dispatch kinds; CheckCellEvent returns the kind and RunCellEvent dispatches it, so code and event kind are separate domains.
include/Game/AreaMap.h:CellKindFlags	CELL_KIND_CHECK_FACING=1	retain	include/Game/AreaMap.h:CellKindFlags		The cell-kind table tests CELL_KIND_CHECK_FACING on its own flags byte before accepting a linked cell; the value 1 is not the event kind or cell code.
include/Game/AreaMap.h:CellTrapAlignmentMask	CELL_TRAP_AFFECTS_LAW=1;CELL_TRAP_AFFECTS_NEUTRAL=2;CELL_TRAP_AFFECTS_CHAOS=4;CELL_TRAP_AFFECTS_ALL=7	retain	include/Game/AreaMap.h:CellTrapAlignmentMask		RunCellTrap compares this exit-record bit mask with a bit derived from AlignmentClass; Chaos, Neutral, and Law are encoded as bits 4, 2, and 1 rather than alignment values -1, 0, and 1.
include/Game/AreaMap.h:CellScanMode	CELL_SCAN_DRAW_ICONS=0;CELL_SCAN_TEST=1	retain	include/Game/AreaMap.h:CellScanMode		IsCellBlocked and CheckBlockingCell switch between drawing automap icons and testing a cell at x/y; the selector is a map-scan operation, not a level-list choice.
include/Game/AreaMap.h:LevelListKind	LEVEL_LIST_ROOMS=0;LEVEL_LIST_DOORS=1	retain	include/Game/AreaMap.h:LevelListKind		GetLevelList chooses the loaded level room list or door list, which FindRegionData consumes with different record strides; equal 0/1 scan modes do not choose these lists.
include/Game/AreaNpc.h:NpcDirectionMask	NPC_DIRECTION_NORTH=1;NPC_DIRECTION_EAST=2;NPC_DIRECTION_SOUTH=4;NPC_DIRECTION_WEST=8;NPC_DIRECTION_ALL=15	retain	include/Game/AreaNpc.h:NpcDirectionMask		AreaNpc.directionMask and GetNpcImageOfCode use compass-facing bits 1/2/4/8; ViewDirection uses the distinct ordinal directions 0/1/2/3.
include/Game/AreaNpc.h:FieldEffectCode	FIELD_EFFECT_CODE_NONE=0;FIELD_EFFECT_CODE_KNOCK_BACK_TARGET=1;FIELD_EFFECT_CODE_ILLUSION=3;FIELD_EFFECT_CODE_INVISIBLE=17;FIELD_EFFECT_CODE_ESTOMA=20;FIELD_EFFECT_CODE_TRAESTO=21;FIELD_EFFECT_CODE_TRAPORT=22;FIELD_EFFECT_CODE_TRAFURI=23;FIELD_EFFECT_CODE_SABATOMA=25;FIELD_EFFECT_CODE_SPAWN_SECOND_GROUP=26;FIELD_EFFECT_CODE_DESAMAN=27;FIELD_EFFECT_CODE_RAISE_ACCURACY_EVASION=32;FIELD_EFFECT_CODE_DOUBLE_MAX_HP_RAISE_WEAPON_STATS=33;FIELD_EFFECT_CODE_DOUBLE_MAX_POOLS_THEN_ASH=34;FIELD_EFFECT_CODE_SUCCEED_WITHOUT_ACTION=35	retain	include/Game/AreaNpc.h:FieldEffectCode		treasurebox.c dispatches these effect codes to field-effect helpers such as Traesto and Estoma; coincident item, skill, or condition values address other records.
include/Game/AreaNpc.h:FieldEffectResult	FIELD_EFFECT_FAILED=-1;FIELD_EFFECT_NONE=0;FIELD_EFFECT_DONE=1	retain	include/Game/AreaNpc.h:FieldEffectResult		The field-effect helpers return failed, none, or done to their callers; FieldEffectCode instead selects which effect to attempt.
include/Game/Attack.h:CombatFacing	FACING_FACE_TO_FACE=0;FACING_FROM_BEHIND=2	pending	include/Game/Attack.h:CombatFacing		
include/Game/Attack.h:ResistanceFollowup	RESISTANCE_FOLLOWUP_REFLECT=-1;RESISTANCE_FOLLOWUP_SUPPRESS=0;RESISTANCE_FOLLOWUP_TARGET=1	pending	include/Game/Attack.h:ResistanceFollowup		
include/Game/AttackAttribute.h:AttackAttribute	ATTACK_ATTRIBUTE_SWORD=0;ATTACK_ATTRIBUTE_PHYSICAL=1;ATTACK_ATTRIBUTE_FIRE=2;ATTACK_ATTRIBUTE_ICE=3;ATTACK_ATTRIBUTE_FORCE=4;ATTACK_ATTRIBUTE_ELECTRIC=5;ATTACK_ATTRIBUTE_EXPEL=6;ATTACK_ATTRIBUTE_MENTAL=7;ATTACK_ATTRIBUTE_DARK=8;ATTACK_ATTRIBUTE_RUIN=9;ATTACK_ATTRIBUTE_FIXED_HALF_RESISTANCE=10	pending	include/Game/AttackAttribute.h:AttackAttribute		
include/Game/AttackMode.h:AttackMode	ATTACK_MAGIC=0;ATTACK_WEAPON=1;ATTACK_GUN=2	pending	include/Game/AttackMode.h:AttackMode		
include/Game/Attitude.h:Attitude	ATTITUDE_PLEADING=0;ATTITUDE_FRIENDLY=1;ATTITUDE_VERY_HOSTILE=2;ATTITUDE_HOSTILE=3;ATTITUDE_NORMAL=4;ATTITUDE_COUNT=5	pending	include/Game/Attitude.h:Attitude		
include/Game/Automap.h:AutomapPhase	AUTOMAP_PHASE_OPEN=0;AUTOMAP_PHASE_DRAW=1;AUTOMAP_PHASE_SCROLL=2;AUTOMAP_PHASE_CLOSE=3	retain	include/Game/Automap.h:AutomapPhase		RunAutomapState advances an automap window through open, draw, scroll, and close phases; these values are not the phases of another game state.
include/Game/Automap.h:AutomapScroll	AUTOMAP_SCROLL_UP=0;AUTOMAP_SCROLL_RIGHT=1;AUTOMAP_SCROLL_DOWN=2;AUTOMAP_SCROLL_LEFT=3	retain	include/Game/Automap.h:AutomapScroll		Automap scroll values are rows in its directional panel, ordered up/right/down/left; MoveCommand instead encodes forward/right/back/left relative to the party.
include/Game/Automap.h:AutomapScrollBlock	AUTOMAP_BLOCK_NONE=0;AUTOMAP_BLOCK_LEFT=1;AUTOMAP_BLOCK_RIGHT=2;AUTOMAP_BLOCK_UP=4;AUTOMAP_BLOCK_DOWN=8	retain	include/Game/Automap.h:AutomapScrollBlock		UpdateAutomapScrollPanel stores blocked map-scroll directions as left/right/up/down bits; the same powers of two in mouse or map flags apply to other fields.
include/Game/Automap.h:AutomapDetail	AUTOMAP_DETAIL_NONE=0;AUTOMAP_DETAIL_BASIC=1;AUTOMAP_DETAIL_NPCS=2;AUTOMAP_DETAIL_OBJECTS=3	retain	include/Game/Automap.h:AutomapDetail		The automap detail gate increases from no map to basic, NPC, and object marks; it is an icon-visibility level, not a menu or movement state.
include/Game/AutomapMark.h:AutomapMark	MAP_MARK_PARTY_UP=0;MAP_MARK_PARTY_RIGHT=1;MAP_MARK_PARTY_DOWN=2;MAP_MARK_PARTY_LEFT=3;MAP_MARK_NPC=4;MAP_MARK_OBJECT=5;MAP_MARK_SERVICE_TERMINAL=6;MAP_MARK_EXIT=7;MAP_MARK_STAIRS_UP=8;MAP_MARK_STAIRS_DOWN=9;MAP_MARK_ELEVATOR=10;MAP_MARK_NPC_RECORD=11;MAP_MARK_ELECTRIC=12;MAP_MARK_WEAPONS=13;MAP_MARK_TRANSFER=14;MAP_MARK_MEDICINE=15;MAP_MARK_HERETIC=16;MAP_MARK_HOSPITAL=17;MAP_MARK_SPRING=18;MAP_MARK_RECOVERY=19;MAP_MARK_DEFENSE=20;MAP_MARK_BAR=21;MAP_MARK_ITEMS=22;MAP_MARK_ARM_TERMINAL=23;MAP_MARK_BLANK=24	retain	include/Game/AutomapMark.h:AutomapMark		The automap icon table in treasurebox.c maps CellCode entries to mark IDs and detail levels; a mark selects an icon, not the originating cell code.
include/Game/BagItems.h:ItemStashAction	ITEM_STASH_SAVE=0;ITEM_STASH_RESTORE=1	pending	include/Game/BagItems.h:ItemStashAction		
include/Game/BagItems.h:BagSearchGroup	BAG_SEARCH_ORDINARY=1;BAG_SEARCH_SCENARIO=2;BAG_SEARCH_ALL=3	pending	include/Game/BagItems.h:BagSearchGroup		
include/Game/BattleEffect.h:BattleActionResult	BATTLE_ACTION_MISSED=0;BATTLE_ACTION_NO_EFFECT=1;BATTLE_ACTION_GRAZED=2;BATTLE_ACTION_SUCCESS=3;BATTLE_ACTION_CRITICAL=4;BATTLE_ACTION_LETHAL=5;BATTLE_ACTION_IMMUNE=6;BATTLE_ACTION_REFLECTED=7;BATTLE_ACTION_HP_ABSORBED=8;BATTLE_ACTION_MP_ABSORBED=9;BATTLE_ACTION_PROTECTED=10	pending	include/Game/BattleEffect.h:BattleActionResult		
include/Game/BattleEffect.h:ActionDrainTag	ACTION_DRAIN_HP=80;ACTION_DRAIN_MP=112;ACTION_DRAIN_EXPERIENCE=128	pending	include/Game/BattleEffect.h:ActionDrainTag		
include/Game/BattleStat.h:BattleStatGroup	BATTLE_GROUP_WEAPON=0;BATTLE_GROUP_GUN=1;BATTLE_GROUP_MAGIC=2;BATTLE_GROUP_DEMON_INTERACTION=3;BATTLE_GROUP_COUNT=4	retain	include/Game/BattleStat.h:BattleStatGroup		BattleStatGroup indexes weapon, gun, magic, and demon-interaction statistic groups; EquipPart indexes worn equipment parts and only its first two ordinals coincide.
include/Game/BattleStat.h:BattleStatIndex	BATTLE_STAT_WEAPON_LEVEL=0;BATTLE_STAT_WEAPON_ACCURACY=2;BATTLE_STAT_WEAPON_POWER=3;BATTLE_STAT_WEAPON_EVASION=4;BATTLE_STAT_WEAPON_DEFENSE=5;BATTLE_STAT_GUN_LEVEL=6;BATTLE_STAT_GUN_ACCURACY=8;BATTLE_STAT_GUN_POWER=9;BATTLE_STAT_GUN_EVASION=10;BATTLE_STAT_GUN_DEFENSE=11;BATTLE_STAT_MAGIC_LEVEL=12;BATTLE_STAT_MAGIC_ACCURACY=14;BATTLE_STAT_MAGIC_POWER=15;BATTLE_STAT_MAGIC_EVASION=16;BATTLE_STAT_MAGIC_DEFENSE=17;BATTLE_STAT_DEMON_INTERACTION_LEVEL=18	pending	include/Game/BattleStat.h:BattleStatIndex		
include/Game/BloodType.h:BloodType	BLOOD_TYPE_A=0;BLOOD_TYPE_B=1;BLOOD_TYPE_AB=2;BLOOD_TYPE_O=3;BLOOD_TYPE_COUNT=4	pending	include/Game/BloodType.h:BloodType		
include/Game/CellCode.h:CellCode	CELL_NONE=0;CELL_SERVICE_TERMINAL=64;CELL_EXIT=65;CELL_STAIRS_UP=66;CELL_STAIRS_DOWN=67;CELL_ELEVATOR_LOWER_STOP=68;CELL_ELEVATOR_UPPER_STOP=69;CELL_ELEVATOR_MIDDLE_STOP=70;CELL_CHUTE=71;CELL_AREA_NPC_MASK_ALL=72;CELL_AREA_NPC_MASK_NORTH=73;CELL_AREA_NPC_MASK_EAST=74;CELL_AREA_NPC_MASK_SOUTH=75;CELL_AREA_NPC_MASK_WEST=76;CELL_AREA_NPC_MASK_NORTH_SOUTH=77;CELL_AREA_NPC_MASK_EAST_WEST=78;CELL_TREASURE_BOX_FOURTH_FRAME_PAIR=79;CELL_SOFTWARE_SHOP=80;CELL_WEAPON_SHOP=81;CELL_TRANSFER_DEVICE=82;CELL_MEDICINE_SHOP=83;CELL_HERETIC_MANSION=84;CELL_HOSPITAL=85;CELL_SPRING=86;CELL_RECOVERY_HALL=87;CELL_ARMOR_SHOP=88;CELL_BAR=89;CELL_ITEM_SHOP=91;CELL_DAMAGE_TRAP=96;CELL_FORCED_MOVE_BACK=100;CELL_INERT=101;CELL_WARP_HIDING_OBJECTS=103;CELL_ALIGNMENT_TRAP_FIRST=104;CELL_ALIGNMENT_TRAP_CHAOS_LAW=108;CELL_ALIGNMENT_TRAP_CHAOS_NEUTRAL=109;CELL_ALIGNMENT_TRAP_ALL=110;CELL_ALIGNMENT_TRAP_LAST=110;CELL_FORCED_MOVE_NORTH=112;CELL_FORCED_MOVE_EAST=113;CELL_FORCED_MOVE_SOUTH=114;CELL_FORCED_MOVE_WEST=115;CELL_SPIN_RIGHT=116;CELL_SPIN_AROUND=117;CELL_SPIN_LEFT=118;CELL_MARKED_WARP=119;CELL_FACING_SCRIPT=121;CELL_ARM_TERMINAL=123;CELL_UNUSED_FLOOR_PROPERTY=124;CELL_STAIRS_TO_SUBWAY_PLATFORM=125;CELL_FROZEN_SCENE=127;CELL_TREASURE_BOX_FIRST_FRAME_PAIR=136;CELL_TREASURE_BOX_SECOND_FRAME_PAIR=137;CELL_TREASURE_BOX_LOWER_TEXTURE_HALF=138;CELL_DARK=141;CELL_COMMAND_BLOCKED=142;CELL_STEPS_UP=144;CELL_STEPS_DOWN=145;CELL_AUTOMAP_BLANK=191;CELL_CODE_TABLE_END=255	retain	include/Game/CellCode.h:CellCode		Area-map cell records store these authored codes; the cell-kind and automap tables explicitly convert a code to event kind and icon mark, so those outputs remain separate domains.
include/Game/CharInfo.h:MemberPickState	MEMBER_PICK_READY=0;MEMBER_PICK_CONDITION_BLOCKED=1;MEMBER_PICK_ACTION_PENDING=2	pending	include/Game/CharInfo.h:MemberPickState		
include/Game/CharInfo.h:PoolStateKind	POOL_STATE_EMPTY=0;POOL_STATE_PARTIAL=1;POOL_STATE_FULL=2	retain	include/Game/CharInfo.h:PoolStateKind		GetPoolState classifies current-versus-maximum pool as empty, partial, or full; PoolFillMode selects a target cap for filling.
include/Game/Character.h:ActorMode	ACTOR_MODE_NONE=0;ACTOR_MODE_ATTACK=1;ACTOR_MODE_FLEE=2;ACTOR_MODE_DEFEND=3;ACTOR_MODE_APPROACH=4;ACTOR_MODE_STEP_INTO_RANGE=5;ACTOR_MODE_STEP_CLOSER=6;ACTOR_MODE_CIRCLE_AROUND=7;ACTOR_MODE_RECOVER=8;ACTOR_MODE_WANDER=9;ACTOR_MODE_IDLE=10;ACTOR_MODE_TALK=11	retain	include/Game/Character.h:ActorMode		Character.mode directs field-object and combatant AI through attack, flee, defend, movement, idle, and talk; pickRole stores the separate chosen command.
include/Game/Character.h:Gender	GENDER_NONE=0;GENDER_MALE=1;GENDER_FEMALE=2	pending	include/Game/Character.h:Gender		
include/Game/Character.h:PickRole	PICK_ROLE_NONE=0;PICK_ROLE_ATTACK=1;PICK_ROLE_GUN=2;PICK_ROLE_COMP=3;PICK_ROLE_MAGIC=4;PICK_ROLE_ITEM=5;PICK_ROLE_EXTRA=6;PICK_ROLE_RETURN=7;PICK_ROLE_DEFENCE=8	retain	include/Game/Character.h:PickRole		Character.pickRole selects a battle command and its record (attack, gun, magic, item, and others); Character.mode drives AI behavior and maps several modes to one pick role.
include/Game/CharacterPools.h:CharacterPoolMask	POOL_MASK_NONE=0;POOL_MASK_HP=1;POOL_MASK_MP=2;POOL_MASK_BOTH=3	pending	include/Game/CharacterPools.h:CharacterPoolMask		
include/Game/CharacterStat.h:CharacterStat	STAT_INTUITION=0;STAT_MENTAL_STRENGTH=1;STAT_MAGIC=2;STAT_INTELLIGENCE=3;STAT_PROTECTION=4;STAT_STRENGTH=5;STAT_VITALITY=6;STAT_AGILITY=7;STAT_DEXTERITY=8;STAT_CHARM=9;STAT_FORTUNE=10;STAT_COUNT=11	pending	include/Game/CharacterStat.h:CharacterStat		
include/Game/Clock.h:ClockUpdate	CLOCK_UPDATE_NONE=0;CLOCK_UPDATE_TICK=1;CLOCK_UPDATE_MINUTE=2;CLOCK_UPDATE_HOUR=4;CLOCK_UPDATE_DAY=8;CLOCK_UPDATE_MOON=16	pending	include/Game/Clock.h:ClockUpdate		
include/Game/Clock.h:PartyTimerOutcome	PARTY_TIMER_INACTIVE=-1;PARTY_TIMER_UNCHANGED=0;PARTY_TIMER_APPLIED=1	pending	include/Game/Clock.h:PartyTimerOutcome		
include/Game/Clock.h:MoonPhase	MOON_PHASE_NEW=0;MOON_PHASE_FULL=14;MOON_PHASE_AFTER_FULL=15	pending	include/Game/Clock.h:MoonPhase		
include/Game/Condition.h:ConditionAddResult	CONDITION_ADD_ALREADY_HELD=-1;CONDITION_ADD_BLOCKED=0;CONDITION_ADD_ADDED=1;CONDITION_ADD_CANCELLED_OPPOSITE=2	pending	include/Game/Condition.h:ConditionAddResult		
include/Game/Condition.h:ConditionChangeResult	CONDITION_CHANGE_NONE=0;CONDITION_CHANGE_MILD=1;CONDITION_CHANGE_SEVERE=2	pending	include/Game/Condition.h:ConditionChangeResult		
include/Game/ConditionAge.h:EmptyPoolOutcome	EMPTY_POOL_UNCHANGED=0;EMPTY_POOL_HP_DYING_ADDED=1;EMPTY_POOL_HP_ALREADY_DYING=2;EMPTY_POOL_CONDITION_ADDED=3;EMPTY_POOL_BOTH_ALREADY_DYING=4	pending	include/Game/ConditionAge.h:EmptyPoolOutcome		
include/Game/ConditionId.h:ConditionId	CONDITION_ASH=0;CONDITION_DEAD=1;CONDITION_DYING=2;CONDITION_COLLAPSE=3;CONDITION_STONE=4;CONDITION_PARALYSIS=5;CONDITION_FREEZE=6;CONDITION_POSSESSION=7;CONDITION_ZOMBIE=8;CONDITION_CURSE=9;CONDITION_STUN=10;CONDITION_SUFFOCATION=11;CONDITION_BIND=12;CONDITION_SLEEP=13;CONDITION_PANIC=14;CONDITION_POISON=15;CONDITION_HALLUCINATION=16;CONDITION_CHARM=17;CONDITION_CONFUSION=18;CONDITION_DANCE=19;CONDITION_SHOCK=20;CONDITION_ICE=21;CONDITION_BURN=22;CONDITION_BLIND=23;CONDITION_MAGIC_SEAL=24;CONDITION_DOZE=25;CONDITION_BERSERK=26;CONDITION_HIGH=27;CONDITION_HAPPY=28;CONDITION_TIPSY=29;CONDITION_DRUNK=30;CONDITION_SLIME=31;CONDITION_SEVERE_POISON=32;CONDITION_VAMPIRE=33;CONDITION_INJURY=34;CONDITION_COUNT=35;CONDITION_LIST_END=-1;CONDITION_NONE=-1	retain	include/Game/ConditionId.h:ConditionId		Condition lists and s_conditionNames index named ailments such as ash, paralysis, and poison; equal ordinal values in skill, item, or game-state enums address unrelated records.
include/Game/DdsMenu.h:DdsSummonStep	DDS_SUMMON_STEP_PREPARE=0;DDS_SUMMON_STEP_PICK=1;DDS_SUMMON_STEP_CLOSE=2	pending	include/Game/DdsMenu.h:DdsSummonStep		
include/Game/DdsMenu.h:DdsSummonCursorStep	DDS_SUMMON_CURSOR_PICK_ROSTER=0;DDS_SUMMON_CURSOR_PICK_PARTY_SLOT=1;DDS_SUMMON_CURSOR_TRANSITION=2;DDS_SUMMON_CURSOR_EXCHANGE=3;DDS_SUMMON_CURSOR_FINISHED=4	pending	include/Game/DdsMenu.h:DdsSummonCursorStep		
include/Game/DdsMenu.h:DdsRosterPickStep	DDS_ROSTER_PICK_CLOSED=-1;DDS_ROSTER_PICK_OPEN=0;DDS_ROSTER_PICK_POLL=1;DDS_ROSTER_PICK_CLOSE=2	retain	include/Game/DdsMenu.h:DdsRosterPickStep		PickDdsRosterMember advances an argument through status-list selection and returns -1 after closing; the fusion picker uses separate fusion menus, return codes, and a preview state.
include/Game/DdsMenu.h:DdsPurgeSubstep	DDS_PURGE_PREPARE=0;DDS_PURGE_FINISH=1;DDS_PURGE_PICK=2	pending	include/Game/DdsMenu.h:DdsPurgeSubstep		
include/Game/DdsMenu.h:DdsActionResult	DDS_ACTION_CANCELLED=-1;DDS_ACTION_PENDING=0;DDS_ACTION_COMPLETED=1	pending	include/Game/DdsMenu.h:DdsActionResult		
include/Game/DemonClass.h:DemonClass	DEMON_CLASS_UNKNOWN=0;DEMON_CLASS_TENSHIN=1;DEMON_CLASS_KISHIN=2;DEMON_CLASS_MAZOKU=3;DEMON_CLASS_HITEN=4;DEMON_CLASS_RYUUZOKU=5;DEMON_CLASS_CHOUZOKU=6;DEMON_CLASS_JUUZOKU=7;DEMON_CLASS_KIZOKU=8;DEMON_CLASS_SEIREI=9;DEMON_CLASS_JAREI=10;DEMON_CLASS_GEDOU=11;DEMON_CLASS_HITO=12;DEMON_CLASS_MAJIN=13;DEMON_CLASS_MUSEIBUTSU=14;DEMON_CLASS_SOUMOKU=15	retain	include/Game/DemonClass.h:DemonClass		ET0000 race-class map and class names define this domain; equal 0..15 file-kind, action, and color indices are unrelated.
include/Game/DemonPantheon.h:DemonPantheon	PANTHEON_UNKNOWN=0;PANTHEON_AMATSUKAMI=1;PANTHEON_KUNITSUKAMI=2;PANTHEON_HEBREW=3;PANTHEON_SENZOKU=4;PANTHEON_DEVA=5;PANTHEON_ASURA=6;PANTHEON_YAKSHA=7;PANTHEON_RAKSHASA=8;PANTHEON_AESIR=9;PANTHEON_VANIR=10;PANTHEON_DANU=11;PANTHEON_OLYMPIAN=12;PANTHEON_TITAN=13;PANTHEON_GAIANESS=14;PANTHEON_FOMORIAN=15;PANTHEON_VIE=16;PANTHEON_NONE=17;PANTHEON_BABEL=18;PANTHEON_LOUIS=19;PANTHEON_TOTEM=20;PANTHEON_RA=21;PANTHEON_YAZATA=22	retain	include/Game/DemonPantheon.h:DemonPantheon		GetDemonPantheon reads the character pantheon and GetDemonPantheonName uses the pantheon-name block; GetDemonRace reads a separate race field and table.
include/Game/DemonRace.h:DemonRace	RACE_UNKNOWN=0;RACE_MASHIN=1;RACE_MEGAMI=2;RACE_HAKAISHIN=3;RACE_KISHIN=4;RACE_DAITENSHI=5;RACE_JIBOSHIN=6;RACE_RYUUJIN=7;RACE_REICHOU=8;RACE_SHINJUU=9;RACE_SEIJUU=10;RACE_SEIREI=11;RACE_TENSHI=12;RACE_KOUTENSHI=13;RACE_RYUUOU=14;RACE_YOUCHOU=15;RACE_MAJUU=16;RACE_YOUMA=17;RACE_YAMA=18;RACE_SUIYOU=19;RACE_YOUSEI=20;RACE_JUSEI=21;RACE_KIJO=22;RACE_TOUKI=23;RACE_YOUKI=24;RACE_JIREI=25;RACE_MAJIN=26;RACE_DEMONOID=27;RACE_JUUJIN=28;RACE_ISHTAR_BELIEVER=29;RACE_BAEL_BELIEVER=30;RACE_KYOUJIN=31;RACE_HEISHI=32;RACE_HITO=33;RACE_INU=34;RACE_GEDOU=35;RACE_KAIRAI=36;RACE_MACHINE=37;RACE_AKURYOU=38;RACE_SHIKI=39;RACE_YUUKI=40;RACE_JAKI=41;RACE_YOUJU=42;RACE_YOUJUU=43;RACE_KYOUCHOU=44;RACE_JARYUU=45;RACE_GEMA=46;RACE_DATENSHI=47;RACE_AKUMA=48;RACE_JASHIN=49;RACE_MAOU=50	retain	include/Game/DemonRace.h:DemonRace		GetDemonRace and GetDemonRaceName select a demon race, and fusion searches compare races; DemonPantheon is a separate character attribute and name table.
include/Game/DemonTable.h:DemonTableFlags	DEMON_FLAG_LOW_VALUE=1;DEMON_FLAG_LOW_UNAVAILABLE=4;DEMON_FLAG_HIGH_VALUE=16;DEMON_FLAG_HIGH_UNAVAILABLE=64	pending	include/Game/DemonTable.h:DemonTableFlags		
include/Game/DemonTable.h:FusionFlagValue	FUSION_FLAG_UNAVAILABLE=-1;FUSION_FLAG_CLEAR=0;FUSION_FLAG_SET=1	retain	include/Game/DemonTable.h:FusionFlagValue		Fusion getters report unavailable, clear, or set state; BitChangeMode tells ModifyEventFlag to toggle, clear, or set a bit.
include/Game/DropTableEncoding.h:DropTableEncoding	DROP_SLOT_COUNT=16	pending	include/Game/DropTableEncoding.h:DropTableEncoding		
include/Game/EquipEffect.h:EquipmentEffectTiming	EQUIP_EFFECT_STAT_UPDATE=0;EQUIP_EFFECT_ACTION=1;EQUIP_EFFECT_STEP_TICK=2	pending	include/Game/EquipEffect.h:EquipmentEffectTiming		
include/Game/EquipPart.h:EquipPart	EQUIP_PART_NONE=-1;EQUIP_PART_WEAPON=0;EQUIP_PART_GUN=1;EQUIP_PART_AMMO=2;EQUIP_PART_HEAD=3;EQUIP_PART_BODY=4;EQUIP_PART_ARMS=5;EQUIP_PART_LEGS=6;EQUIP_PART_ACCESSORY=7	retain	include/Game/EquipPart.h:EquipPart		Logical part order is weapon/gun/ammo/head/body/arms/legs/accessory; GetEquipSlot maps it to a different packed equipment-slot order.
include/Game/EquipScreen.h:EquipPickMode	EQUIP_PICK_RESET=-1;EQUIP_PICK_PART=0;EQUIP_PICK_ATTACH_TARGET=1;EQUIP_PICK_CLEAR=100	pending	include/Game/EquipScreen.h:EquipPickMode		
include/Game/EquipScreen.h:EquipScreenStep	EQUIP_STEP_PREVIEW_EQUIP=3;EQUIP_STEP_EQUIP=4;EQUIP_STEP_PREVIEW_REMOVE=5;EQUIP_STEP_REMOVE=6	pending	include/Game/EquipScreen.h:EquipScreenStep		
include/Game/EquipScreen.h:AttachScreenStep	ATTACH_STEP_OPEN_TARGET_LIST=3;ATTACH_STEP_PICK_TARGET=4;ATTACH_STEP_APPLY_BAG_ITEM=5;ATTACH_STEP_FINISH_BAG_ITEM=6;ATTACH_STEP_APPLY_EQUIPPED_ITEM=7;ATTACH_STEP_FINISH_EQUIPPED_ITEM=8	pending	include/Game/EquipScreen.h:AttachScreenStep		
include/Game/EquipScreen.h:ItemPageDetailStep	ITEM_PAGE_SHOW_DESCRIPTION=3;ITEM_PAGE_WAIT_DESCRIPTION=4	reuse	include/Game/EquipScreen.h:StatusPageDescriptionStep	ITEM_PAGE_SHOW_DESCRIPTION=include/Game/EquipScreen.h:StatusPageDescriptionStep::STATUS_PAGE_SHOW_DESCRIPTION;ITEM_PAGE_WAIT_DESCRIPTION=include/Game/EquipScreen.h:StatusPageDescriptionStep::STATUS_PAGE_WAIT_DESCRIPTION	RunItemPage and RunSkillPage share menu substeps 0..2 and the same 3/show-description then 4/wait-dismissal transition; the payload-specific drawing remains in each handler.
include/Game/EquipScreen.h:SkillPageDetailStep	SKILL_PAGE_SHOW_DESCRIPTION=3;SKILL_PAGE_WAIT_DESCRIPTION=4	reuse	include/Game/EquipScreen.h:StatusPageDescriptionStep	SKILL_PAGE_SHOW_DESCRIPTION=include/Game/EquipScreen.h:StatusPageDescriptionStep::STATUS_PAGE_SHOW_DESCRIPTION;SKILL_PAGE_WAIT_DESCRIPTION=include/Game/EquipScreen.h:StatusPageDescriptionStep::STATUS_PAGE_WAIT_DESCRIPTION	RunItemPage and RunSkillPage share menu substeps 0..2 and the same 3/show-description then 4/wait-dismissal transition; the payload-specific drawing remains in each handler.
include/Game/EquipSlotIndex.h:EquipSlotIndex	EQUIP_SLOT_HEAD=0;EQUIP_SLOT_BODY=1;EQUIP_SLOT_ARMS=2;EQUIP_SLOT_LEGS=3;EQUIP_SLOT_ACCESSORY=4;EQUIP_SLOT_WEAPON=5;EQUIP_SLOT_GUN=6;EQUIP_SLOT_AMMO=7;EQUIP_SLOT_COUNT=8	retain	include/Game/EquipSlotIndex.h:EquipSlotIndex		Character equipment array order is head/body/arms/legs/accessory/weapon/gun/ammo; equal EquipPart values refer to different parts.
include/Game/Field.h:FieldMapMode	FIELD_MAP_INACTIVE=-1;FIELD_MAP_CELL_EVENT=0;FIELD_MAP_SCRIPT_EVENT=1	pending	include/Game/Field.h:FieldMapMode		
include/Game/Field.h:FieldEncounterPhase	FIELD_ENCOUNTER_PHASE_ENTER=0;FIELD_ENCOUNTER_PHASE_TURNS=1;FIELD_ENCOUNTER_PHASE_BACK_OUT=2;FIELD_ENCOUNTER_PHASE_REWARDS=3;FIELD_ENCOUNTER_PHASE_LEVEL_UPS=4;FIELD_ENCOUNTER_PHASE_ANALYZE=5;FIELD_ENCOUNTER_PHASE_TEAR_DOWN=6	pending	include/Game/Field.h:FieldEncounterPhase		
include/Game/Field.h:FieldEncounterEntryStep	FIELD_ENCOUNTER_STEP_SETUP=0;FIELD_ENCOUNTER_STEP_START=1	pending	include/Game/Field.h:FieldEncounterEntryStep		
include/Game/Field.h:FieldMapOutcome	FIELD_MAP_LOST=-1;FIELD_MAP_ENDED=0;FIELD_MAP_WON=1	pending	include/Game/Field.h:FieldMapOutcome		
include/Game/FieldLayerIndex.h:FieldLayerIndex	FIELD_LAYER_FIRST=0;FIELD_LAYER_SECOND=1	pending	include/Game/FieldLayerIndex.h:FieldLayerIndex		
include/Game/FieldMain.h:FieldPhase	FIELD_PHASE_LOAD_AREA=0;FIELD_PHASE_ENTER_CELL=1;FIELD_PHASE_EXPLORE=2;FIELD_PHASE_CELL_EVENT=3;FIELD_PHASE_RESUME=4;FIELD_PHASE_RESUME_ALIAS=5;FIELD_PHASE_ANALYZE=6;FIELD_PHASE_END_EVENT=7;FIELD_PHASE_FADE_TO_RETURN_POINT=8;FIELD_PHASE_RETURN_TO_RETURN_POINT=9;FIELD_PHASE_FADE_TO_WORLD_MAP=10;FIELD_PHASE_CLOSE=11	pending	include/Game/FieldMain.h:FieldPhase		
include/Game/FieldMain.h:ObjectEventState	OBJECT_EVENT_IDLE=0;OBJECT_EVENT_RAISED=1;OBJECT_EVENT_DONE=2;OBJECT_EVENT_QUEUED=3	pending	include/Game/FieldMain.h:ObjectEventState		
include/Game/FieldMain.h:PartyMoveOutcome	PARTY_MOVE_IN_PROGRESS=0;PARTY_MOVE_DONE=1;PARTY_MOVE_BLOCKED=2	pending	include/Game/FieldMain.h:PartyMoveOutcome		
include/Game/FieldMap.h:CellMarkMatch	CELL_MARK_OFF_CELL=-1;CELL_MARK_MATCH=0;CELL_MARK_FACING_DIFFERS=1	pending	include/Game/FieldMap.h:CellMarkMatch		
include/Game/FieldObject.h:FieldObjectImageCode	FIELD_OBJECT_IMAGE_SIDE_MIRRORED=-1;FIELD_OBJECT_IMAGE_FRONT=0;FIELD_OBJECT_IMAGE_SIDE=1;FIELD_OBJECT_IMAGE_BACK=2;FIELD_OBJECT_IMAGE_ACTING=3;FIELD_OBJECT_IMAGE_REACTION=4;FIELD_OBJECT_IMAGE_INDEX_MASK=15;FIELD_OBJECT_IMAGE_LIT=16	pending	include/Game/FieldObject.h:FieldObjectImageCode		
include/Game/FieldObject.h:ObjectKindMatch	OBJECT_MATCH_ANY=0;OBJECT_MATCH_KIND=1;OBJECT_MATCH_OTHER_KIND=2	pending	include/Game/FieldObject.h:ObjectKindMatch		
include/Game/FieldObject.h:ObjectSlotState	OBJECT_SLOT_FREE=-1;OBJECT_SLOT_REMOVED=0;OBJECT_SLOT_LIVE=1	pending	include/Game/FieldObject.h:ObjectSlotState		
include/Game/FieldObject.h:ObjectLifeState	OBJECT_LIFE_ABSENT=0;OBJECT_LIFE_ACTIVE=1;OBJECT_LIFE_FALLEN=2	pending	include/Game/FieldObject.h:ObjectLifeState		
include/Game/FieldObject.h:ObjectPartyCellStop	OBJECT_PARTY_CELL_CONTINUE=0;OBJECT_PARTY_CELL_STOP=1	pending	include/Game/FieldObject.h:ObjectPartyCellStop		
include/Game/FieldScreen.h:FieldMenuMode	FIELD_MENU_ALL=0;FIELD_MENU_NO_SKILL_ITEM_FIGHT=1;FIELD_MENU_NO_FIGHT_TALK_MAPPING=2;FIELD_MENU_NO_SKILL_ITEM_FIGHT_MAPPING=3	pending	include/Game/FieldScreen.h:FieldMenuMode		
include/Game/FieldView.h:WallStopMode	WALL_STOP_GEOMETRY=0;WALL_STOP_MOVEMENT=1	pending	include/Game/FieldView.h:WallStopMode		
include/Game/FieldView.h:WallStopClass	WALL_STOP_SOLID=3	pending	include/Game/FieldView.h:WallStopClass		
include/Game/FusionMenu.h:FusionMenuPhase	FUSION_MENU_PHASE_OPEN=0;FUSION_MENU_PHASE_CLOSE=1;FUSION_MENU_PHASE_SELECT=2	retain	include/Game/FusionMenu.h:FusionMenuPhase		RunFusionMenuState uses phase 2 to choose and commit fusion results after opening, while MenuStateStep phase 2 runs an ordinary menu and other states have separate phase payloads.
include/Game/FusionMenu.h:FusionMenuLifecycleStep	FUSION_MENU_LIFECYCLE_ADVANCE=0;FUSION_MENU_LIFECYCLE_APPLY=1	pending	include/Game/FusionMenu.h:FusionMenuLifecycleStep		
include/Game/FusionMenuStep.h:FusionMenuStep	FUSION_MENU_PAIR_FIRST=0;FUSION_MENU_PAIR_SECOND=1;FUSION_MENU_PAIR_COMMIT=3;FUSION_MENU_TRIPLE_THIRD=16;FUSION_MENU_TRIPLE_FIRST=17;FUSION_MENU_TRIPLE_SECOND=18;FUSION_MENU_TRIPLE_COMMIT=20	pending	include/Game/FusionMenuStep.h:FusionMenuStep		
include/Game/FusionScreen.h:FusionResultStatus	FUSION_RESULT_OVER_LEVEL=-3;FUSION_RESULT_ALREADY_IN_ROSTER=-2	pending	include/Game/FusionScreen.h:FusionResultStatus		
include/Game/FusionScreen.h:FusionPagerButton	FUSION_PAGER_NONE=-1;FUSION_PAGER_PREVIOUS=0;FUSION_PAGER_NEXT=1	pending	include/Game/FusionScreen.h:FusionPagerButton		
include/Game/FusionScreen.h:FusionPickerState	FUSION_PICKER_CANCELLED=-2;FUSION_PICKER_SELECTED=-1;FUSION_PICKER_OPEN=0;FUSION_PICKER_POLL=1;FUSION_PICKER_CLOSE=2;FUSION_PICKER_PREVIEW=3	retain	include/Game/FusionScreen.h:FusionPickerState		The fusion picker state is shared by first, second, and third fusion pickers, including a preview phase and selection result codes; the DDS roster picker uses a different status-list state machine.
include/Game/FusionSummaryKind.h:FusionSummaryKind	FUSION_SUMMARY_NO_RESULT=-1;FUSION_SUMMARY_UNSPECIFIED=0;FUSION_SUMMARY_GAIN_ONE_LEVEL=1;FUSION_SUMMARY_GAIN_TWO_LEVELS=2;FUSION_SUMMARY_RANK_UP=3;FUSION_SUMMARY_RANK_UP_GAIN_LEVEL=4;FUSION_SUMMARY_MERGE_POOLS=5;FUSION_SUMMARY_MERGE_POOLS_CLEANSE=6;FUSION_SUMMARY_RETAIN_SOURCE=7;FUSION_SUMMARY_DIRECT_DEMON=8;FUSION_SUMMARY_FALLBACK=9;FUSION_SUMMARY_LEVEL_HIGHER=10;FUSION_SUMMARY_LEVEL_LOWER=11;FUSION_SUMMARY_LEVEL_EQUAL=12	pending	include/Game/FusionSummaryKind.h:FusionSummaryKind		
include/Game/GameState.h:FieldMoveState	FIELD_MOVE_IDLE=0;FIELD_MOVE_STEPPING=1;FIELD_MOVE_TURNING=2	pending	include/Game/GameState.h:FieldMoveState		
include/Game/GameState.h:MapValueSelector	MAP_VALUE_AREA=0;MAP_VALUE_LEVEL=1;MAP_VALUE_X=2;MAP_VALUE_Y=3	pending	include/Game/GameState.h:MapValueSelector		
include/Game/GameStateId.h:GameStateId	GAME_STATE_RETURN=0;GAME_STATE_WAIT=1;GAME_STATE_SCRIPT_SCENE=5;GAME_STATE_SCRIPT_CHOICE=6;GAME_STATE_DISMISS_MENU=7;GAME_STATE_TEXT_WINDOW=8;GAME_STATE_SHOT=9;GAME_STATE_ACTOR_SCENE=10;GAME_STATE_FIELD_ENCOUNTER=11;GAME_STATE_CLOSING_EFFECT=12;GAME_STATE_SCREEN_FADE=13;GAME_STATE_ITEM_USE=14;GAME_STATE_SYSTEM_MENU=15;GAME_STATE_FIELD_EXPLORATION=16;GAME_STATE_CELL_SCENE=18;GAME_STATE_ITEM_BUY_MENU=19;GAME_STATE_FIELD_TEXT_SCENE=21;GAME_STATE_WORLD_MAP=22;GAME_STATE_BACKGROUND_SCENE=23;GAME_STATE_BATTLE_ACTION=24;GAME_STATE_STATUS=25;GAME_STATE_FIELD_SKILL_USE=26;GAME_STATE_LEVEL_UP=27;GAME_STATE_ITEM_SELL_MENU=28;GAME_STATE_FROZEN_FIELD_SCENE=29;GAME_STATE_DDS_MENU=30;GAME_STATE_FUSION_MENU=31;GAME_STATE_AUTOMAP=32;GAME_STATE_MESSAGE_BOX=33;GAME_STATE_FIELD=34;GAME_STATE_MESSAGE_SCENE_END=35;GAME_STATE_PARTY_REORDER=36;GAME_STATE_SCRIPT_ANIMATION=37;GAME_STATE_GEM_ITEM_GIFT=38;GAME_STATE_PICTURE_TRANSITION=39;GAME_STATE_REPLACE_ROSTER_MEMBER=40	retain	include/Game/GameStateId.h:GameStateId		PushGameState stores an ID for the state dispatcher in statestack.c, which selects field, status, script, battle, and other handlers; phase and step enums are local to those states.
include/Game/HumanId.h:HumanId	HUMAN_KATSURAGI=0;HUMAN_TACHIBANA=2;HUMAN_ASUKA=4;HUMAN_NISHINO=5;HUMAN_HAYASAKA=6;HUMAN_SONODA=7;HUMAN_KAMIKAWA=8;HUMAN_SOUMA=9;HUMAN_YAMASE=10;HUMAN_KIRISHIMA=11;HUMAN_NEWTON=13;HUMAN_YAMADA=14;HUMAN_TACHIKAWA=15	pending	include/Game/HumanId.h:HumanId		
include/Game/HumanTitle.h:HumanTitle	HUMAN_TITLE_GUSHA=0;HUMAN_TITLE_INOUSHA=1;HUMAN_TITLE_KAKUSEISHA=2;HUMAN_TITLE_CHOUJIN=3;HUMAN_TITLE_DOUSHI=4;HUMAN_TITLE_SHINJIN=5;HUMAN_TITLE_KAMI=6	pending	include/Game/HumanTitle.h:HumanTitle		
include/Game/InflictCode.h:InflictCode	INFLICT_NONE=0;INFLICT_CONDITION_FIRST=1;INFLICT_CONDITION_LAST=34;INFLICT_CHARM_UNLESS_ALIGNED_B_POSITIVE=57;INFLICT_TIPSY_BY_HALF=58;INFLICT_PARALYSIS_OR_TIPSY=59;INFLICT_HIGH_HALLUCINATION_OR_BERSERK=60;INFLICT_DRUNK_OR_TIPSY=61;INFLICT_DYING_OR_DEAD=62;INFLICT_HIGH_OR_ASH=63;INFLICT_DEAD_BY_HALF=64;INFLICT_PANIC_UNLESS_ALIGNED_B_NEGATIVE=65	pending	include/Game/InflictCode.h:InflictCode		
include/Game/ItemCurse.h:ItemCurse	ITEM_CURSE_NONE=0;ITEM_CURSE_HALVE_VITALITY=1;ITEM_CURSE_HALVE_PROTECTION=2;ITEM_CURSE_HALVE_AGILITY=3;ITEM_CURSE_HALVE_CHARM=4;ITEM_CURSE_HALVE_FORTUNE=5;ITEM_CURSE_DRAIN_HP=6;ITEM_CURSE_DRAIN_HP_HEAVY=7;ITEM_CURSE_DRAIN_MP=8;ITEM_CURSE_BURNING=16;ITEM_CURSE_MAGIC_SEALED=17;ITEM_CURSE_PANIC=18;ITEM_CURSE_CONFUSED=19;ITEM_CURSE_CHARMED=20;ITEM_CURSE_DANCING=21;ITEM_CURSE_BOUND=22;ITEM_CURSE_BERSERK=23;ITEM_CURSE_TIPSY=24;ITEM_CURSE_SLIME=25	pending	include/Game/ItemCurse.h:ItemCurse		
include/Game/ItemId.h:ItemId	ITEM_ID_EMPTY=-1;ITEM_ID_NONE=0;ITEM_WOUND_MEDICINE=1;ITEM_KUSHINADA_JAR=33;ITEM_SOMA_CUP=36;ITEM_CORE_SHIELD=113;ITEM_LOVER_RIGHT_LEG=173;ITEM_LOVER_LEFT_LEG=174;ITEM_LOVER_RIGHT_ARM=175;ITEM_LOVER_LEFT_ARM=176;ITEM_LOVER_CHEST=177;ITEM_LOVER_ABDOMEN=178;ITEM_LOVER_HEAD=179;ITEM_LOVER_HEART=180	pending	include/Game/ItemId.h:ItemId		
include/Game/ItemKind.h:ItemKind	ITEM_KIND_NONE=0;ITEM_KIND_RESTORATIVE=1;ITEM_KIND_INCENSE=2;ITEM_KIND_ENHANCER=3;ITEM_KIND_ATTACK=4;ITEM_KIND_SOFTWARE=7;ITEM_KIND_KEYCARD=8;ITEM_KIND_GEM=9;ITEM_KIND_SCENARIO=10;ITEM_KIND_WEAPON=11;ITEM_KIND_GUN=12;ITEM_KIND_AMMO=13;ITEM_KIND_FULL_BODY_ARMOR=14;ITEM_KIND_HEAD_ARMOR=15;ITEM_KIND_BODY_ARMOR=16;ITEM_KIND_ARM_ARMOR=17;ITEM_KIND_LEG_ARMOR=18;ITEM_KIND_ACCESSORY=19	pending	include/Game/ItemKind.h:ItemKind		
include/Game/ItemMenu.h:ItemMenuStep	ITEM_MENU_STEP_OPEN=0;ITEM_MENU_STEP_RUN=1;ITEM_MENU_STEP_CLOSE=2	retain	include/Game/ItemMenu.h:ItemMenuStep		Shop-menu substeps open, run, and close inside each game-state phase; equal ItemMenuPhase numbers control the outer state machine.
include/Game/ItemMenu.h:ItemMenuPhase	ITEM_MENU_PHASE_ENTER=0;ITEM_MENU_PHASE_RUN=1;ITEM_MENU_PHASE_RETURN=2	retain	include/Game/ItemMenu.h:ItemMenuPhase		Outer shop game-state phases enter, run substeps, and return; ItemMenuStep numbers control the nested menu lifecycle.
include/Game/ItemRecord.h:ItemPassiveEffect	ITEM_PASSIVE_INTUITION_POINT=1;ITEM_PASSIVE_MENTAL_STRENGTH_POINT=2;ITEM_PASSIVE_MAGIC_POINT=3;ITEM_PASSIVE_INTELLIGENCE_POINT=4;ITEM_PASSIVE_PROTECTION_POINT=5;ITEM_PASSIVE_STRENGTH_POINT=6;ITEM_PASSIVE_VITALITY_POINT=7;ITEM_PASSIVE_AGILITY_POINT=8;ITEM_PASSIVE_DEXTERITY_POINT=9;ITEM_PASSIVE_CHARM_POINT=10;ITEM_PASSIVE_FORTUNE_POINT=11;ITEM_PASSIVE_STRENGTH_CHARM_POINTS=12;ITEM_PASSIVE_VITALITY_MENTAL_STRENGTH_POINTS=13;ITEM_PASSIVE_INTUITION_AGILITY_POINTS=14;ITEM_PASSIVE_MAGIC_PROTECTION_POINTS=15;ITEM_PASSIVE_INTELLIGENCE_DEXTERITY_POINTS=16;ITEM_PASSIVE_STRENGTH_VITALITY_MENTAL_STRENGTH_POINTS=17;ITEM_PASSIVE_MENTAL_STRENGTH_PLUS_4=32;ITEM_PASSIVE_INTELLIGENCE_PLUS_3=33;ITEM_PASSIVE_PROTECTION_PLUS_1=34;ITEM_PASSIVE_PROTECTION_PLUS_2=35;ITEM_PASSIVE_AGILITY_MINUS_10=36;ITEM_PASSIVE_CHARM_PLUS_2=37;ITEM_PASSIVE_CHARM_PLUS_4=38;ITEM_PASSIVE_CHARM_MINUS_3=39;ITEM_PASSIVE_INTUITION_PLUS_1=40;ITEM_PASSIVE_AGILITY_PLUS_3=41;ITEM_PASSIVE_WEAPON_POWER_5=48;ITEM_PASSIVE_WEAPON_POWER_10=49;ITEM_PASSIVE_WEAPON_POWER_20=50;ITEM_PASSIVE_WEAPON_POWER_30=51;ITEM_PASSIVE_WEAPON_ACCURACY_20=52;ITEM_PASSIVE_GUN_ACCURACY_20=53;ITEM_PASSIVE_WEAPON_ACCURACY_BONUS=54;ITEM_PASSIVE_MAGIC_EVASION_4=55;ITEM_PASSIVE_MAGIC_EVASION_20=56;ITEM_PASSIVE_DEFENSE_10=57;ITEM_PASSIVE_DEFENSE_20=58;ITEM_PASSIVE_MAGIC_DEFENSE_15=59;ITEM_PASSIVE_HP_REGEN_1=112;ITEM_PASSIVE_HP_REGEN_2=113;ITEM_PASSIVE_HP_REGEN_3=114;ITEM_PASSIVE_HP_REGEN_5=115;ITEM_PASSIVE_MP_REGEN_1=116;ITEM_PASSIVE_RESIST_STONE=119;ITEM_PASSIVE_RESIST_PARALYSIS=120;ITEM_PASSIVE_RESIST_FREEZE_ICE=121;ITEM_PASSIVE_RESIST_BIND=122;ITEM_PASSIVE_RESIST_SLEEP=123;ITEM_PASSIVE_RESIST_MENTAL=124;ITEM_PASSIVE_RESIST_HAPPY=125;ITEM_PASSIVE_RESIST_HALLUCINATION=126;ITEM_PASSIVE_RESIST_PANIC=127;ITEM_PASSIVE_RESIST_POISON=128;ITEM_PASSIVE_RESIST_SHOCK=129;ITEM_PASSIVE_RESIST_BURN=130;ITEM_PASSIVE_RESIST_MAGIC_SEAL=131;ITEM_PASSIVE_RESIST_INTOXICATION=132;ITEM_PASSIVE_RESIST_FIRE_AND_ICE=133;ITEM_PASSIVE_WEAPON_HP_DRAIN=134;ITEM_PASSIVE_WEAPON_MP_DRAIN=135	pending	include/Game/ItemRecord.h:ItemPassiveEffect		
include/Game/LevelUp.h:RewardClickResult	REWARD_CLICK_NONE=-1;REWARD_CLICK_CONFIRM=0;REWARD_CLICK_RIGHT_BUTTON=2	pending	include/Game/LevelUp.h:RewardClickResult		
include/Game/LevelUp.h:LevelUpPhase	LEVEL_UP_PHASE_OPEN=0;LEVEL_UP_PHASE_CLOSE=1;LEVEL_UP_PHASE_PICK_MEMBER=2;LEVEL_UP_PHASE_SKIP=3;LEVEL_UP_PHASE_DISTRIBUTE=4;LEVEL_UP_PHASE_DISTRIBUTE_DEMON=5;LEVEL_UP_PHASE_REDRAW_STAT=6	retain	include/Game/LevelUp.h:LevelUpPhase		RunLevelUp drives member choice, distribution, demon growth, and stat redraw after open/close; StatusScreenPhase and other states reuse only low ordinal positions.
include/Game/LevelUp.h:LevelUpCloseStep	LEVEL_UP_CLOSE_FADE=0;LEVEL_UP_CLOSE_RESTORE=1	pending	include/Game/LevelUp.h:LevelUpCloseStep		
include/Game/LevelUp.h:LevelUpHumanStep	LEVEL_UP_HUMAN_COUNT_LEVELS=0;LEVEL_UP_HUMAN_PICK_GROWTH=1;LEVEL_UP_HUMAN_APPLY_GROWTH=2;LEVEL_UP_HUMAN_OPEN_POINT_PICKER=3;LEVEL_UP_HUMAN_DISTRIBUTE_POINTS=4;LEVEL_UP_HUMAN_FINISH_LEVELS=5;LEVEL_UP_HUMAN_LEARN_SKILL=6	pending	include/Game/LevelUp.h:LevelUpHumanStep		
include/Game/LevelUp.h:LevelUpDemonStep	LEVEL_UP_DEMON_CHECK_PENDING=0;LEVEL_UP_DEMON_APPLY_GROWTH=1;LEVEL_UP_DEMON_FINISH_LEVEL=2	pending	include/Game/LevelUp.h:LevelUpDemonStep		
include/Game/LevelUp.h:LevelUpRedrawStep	LEVEL_UP_REDRAW_RAISED=0;LEVEL_UP_REDRAW_NORMAL=1;LEVEL_UP_REDRAW_RETURN=2	pending	include/Game/LevelUp.h:LevelUpRedrawStep		
include/Game/MapArea.h:MapAreaId	MAP_AREA_HATSUDAI_SHELTER=0;MAP_AREA_VIRTUAL_DUNGEON=1;MAP_AREA_SUBSPACE_KISHIMOJIN_ROUTE=2;MAP_AREA_TOGO_SHRINE_UNDERGROUND=3;MAP_AREA_YOYOGI_LABOR_CAMP=4;MAP_AREA_MEIJI_JINGU_ENTRANCE=5;MAP_AREA_SHINJUKU_UNDERGROUND=6;MAP_AREA_SHINJUKU_UNDERGROUND_PASSAGE_NORTH=7;MAP_AREA_SHINJUKU_UNDERGROUND_PASSAGE_SOUTH=8;MAP_AREA_SHINJUKU_TOCHO=9;MAP_AREA_MY_CITY=10;MAP_AREA_KEIO_LUMINE=11;MAP_AREA_YOMOTSU_HIRASAKA=12;MAP_AREA_MITAKYU_HULK=13;MAP_AREA_OLYMPIC_POOL_SINGLE_LEVEL=14;MAP_AREA_OLYMPIC_POOL_WITH_BASEMENTS=15;MAP_AREA_HARAJUKU=16;MAP_AREA_MILLENNIUM_HEADQUARTERS_AFTER_BELPHEGOR_DEFEAT=17;MAP_AREA_SHANSHAN_CITY_BEFORE_IKEBUKURO_CLEAR=18;MAP_AREA_SHANSHAN_CITY=19;MAP_AREA_ICHIGAYA=20;MAP_AREA_TOKYO_TOWER=21;MAP_AREA_OCHANOMIZU_SHELTER=22;MAP_AREA_OTEMACHI_SUBWAY_STATION=23;MAP_AREA_MILLENNIUM_HEADQUARTERS=24;MAP_AREA_YAESU_UNDERGROUND=25;MAP_AREA_GINZA_UNDERGROUND=26;MAP_AREA_KANDA_UNDERGROUND=27;MAP_AREA_OCHANOMIZU_SUBWAY_STATION=28;MAP_AREA_UENO_TEMPLE=29;MAP_AREA_SHIMBASHI_SUBWAY_STATION=30;MAP_AREA_AKIHABARA_STATION_BUILDING=31;MAP_AREA_BAAL_CULT_HEADQUARTERS=32;MAP_AREA_AMEYA_PLAZA=33;MAP_AREA_UENO_SUBWAY_STATION=34;MAP_AREA_OHANAYASHIKI_AFTER_ASAKUSA_CLEAR=35;MAP_AREA_OHANAYASHIKI=36;MAP_AREA_ASAKUSA_SUBWAY_BUILDING=37;MAP_AREA_ASAKUSA_SUBWAY_STATION=38;MAP_AREA_KASUMIGASEKI_SUBWAY_STATION=39;MAP_AREA_SHIBUYA_ALTERNATE=40;MAP_AREA_SHINAGAWA_HOTEL_ILLUSION=41;MAP_AREA_SHINAGAWA_AQUARIUM=42;MAP_AREA_SHINAGAWA_HOTEL=43;MAP_AREA_ROPPONGI_SUBWAY_STATION=44;MAP_AREA_ENTERTAINMENT_DISTRICT=45;MAP_AREA_ROPPONGI=46;MAP_AREA_HERETIC_MANSION=47;MAP_AREA_SHIBUYA=48;MAP_AREA_BAAL_CULT_BRANCH=49;MAP_AREA_MOTHER_VENUS=50;MAP_AREA_ISHTARS_HAMMER=51;MAP_AREA_EBISU_GARDEN=52;MAP_AREA_BAEL_CASTLE=53;MAP_AREA_TAKAMAGAHARA=54;MAP_AREA_CHUU=55;MAP_AREA_YOMI=56;MAP_AREA_YURAKUCHO_LINE=57;MAP_AREA_HIGASHI_IKEBUKURO_SUBWAY_STATION=58;MAP_AREA_GOKOKUJI_SUBWAY_STATION=59;MAP_AREA_IIDABASHI_SUBWAY_STATION=60;MAP_AREA_CHIYODA_LINE=61;MAP_AREA_MEIJI_JINGUMAE_STATION=62;MAP_AREA_MARUNOUCHI_LINE=63;MAP_AREA_SENDAGI_SUBWAY_STATION=64;MAP_AREA_GINZA_LINE_TWO_LEVELS=65;MAP_AREA_SHINAGAWA_AQUARIUM_STATION=66;MAP_AREA_HIBIYA_LINE=67;MAP_AREA_HIBIYA_LINE_ALTERNATE=68;MAP_AREA_MINOWA_SUBWAY_STATION=69;MAP_AREA_SHIBAURA_FUTO_STATION=70;MAP_AREA_AKIHABARA_SUBWAY_STATION=71;MAP_AREA_RINKAI_NEW_TRANSIT=72;MAP_AREA_MEJIRO_FUDO=73;MAP_AREA_MEAO_FUDO=74;MAP_AREA_MEAKA_FUDO=75;MAP_AREA_MEKI_FUDO=76;MAP_AREA_MEGURO_FUDO=77;MAP_AREA_FORBIDDEN_PLACE=78;MAP_AREA_GOKOKUJI_TEMPLE=79;MAP_AREA_GINZA_LINE_THREE_LEVELS=80;MAP_AREA_YOYOGI_PARK_STATION=81;MAP_AREA_TOYAMA_SHELTER=82;MAP_AREA_MILLENNIUM_HOSPITAL=83;MAP_AREA_TSUKIJI_HONGANJI=85;MAP_AREA_RINKAI_COLISEUM=86;MAP_AREA_INNER_DARKNESS=87;MAP_AREA_SHANSHAN_CITY_FLOOR_1_ENTRANCE=96;MAP_AREA_SHANSHAN_CITY_FLOOR_10_ENTRANCE=97;MAP_AREA_SHINAGAWA_HOTEL_ARM_TERMINAL=98;MAP_AREA_SHINAGAWA_HOTEL_SERVICE_TERMINAL=99;MAP_AREA_OHANAYASHIKI_SOUTH_ENTRANCE=100;MAP_AREA_OHANAYASHIKI_NORTH_ENTRANCE=101;MAP_AREA_OCHANOMIZU_SHELTER_ARM_TERMINAL=102;MAP_AREA_OCHANOMIZU_SHELTER_SERVICE_TERMINAL=103;MAP_AREA_MILLENNIUM_HEADQUARTERS_FLOOR_7_ENTRANCE=104;MAP_AREA_MURAKAMI=128;MAP_AREA_CONVERSATION_CHECK=129;MAP_AREA_HATSUDAI=130;MAP_AREA_RESISTANCE_FRONTLINE_BASE=131;MAP_AREA_SHINJUKU_LABOR_CAMP=132;MAP_AREA_SHINJUKU_TOCHO_ALTERNATE=133;MAP_AREA_SUBSPACE_VISION=134;MAP_AREA_HIRASAWA_RESEARCH_INSTITUTE=135;MAP_AREA_SHINJUKU_GROUND_ZERO=136;MAP_AREA_KISHIMOJIN=137;MAP_AREA_OCHANOMIZU=138;MAP_AREA_UNDERGROUND_LABORATORY=139;MAP_AREA_WORLD_MAP=255	retain	include/Game/MapArea.h:MapAreaId		The area byte selects one of the disc map files and indexes per-area automap storage; cell codes and game-state IDs select different records and transitions.
include/Game/ModeFlags.h:ModeFlags	MODE_FIELD=1;MODE_WORLD_MAP=2	retain	include/Game/ModeFlags.h:ModeFlags		Lifecycle flags set and clear field/world-map state; skill-use flags are authored availability bits read from skill records.
include/Game/MoveCommand.h:MoveCommand	MOVE_UNAVAILABLE=-1;MOVE_FORWARD=0;MOVE_RIGHT=1;MOVE_BACK=2;MOVE_LEFT=3;MOVE_TURN_RIGHT=4;MOVE_TURN_AROUND=5;MOVE_TURN_LEFT=6;MOVE_NONE=7;MOVE_QUEUE_END=255	retain	include/Game/MoveCommand.h:MoveCommand		RunMoveCommand interprets forward/right/back/left and turns relative to the party, with a queue terminator 255; AutomapScroll instead indexes absolute scroll-panel rows.
include/Game/ObjectRecordId.h:ObjectRecordId	OBJECT_RECORD_MARDUK=34;OBJECT_RECORD_ISHTAR=38;OBJECT_RECORD_PYANKARA=54;OBJECT_RECORD_PRIMROSE=206;OBJECT_RECORD_DOPPELGANGER=279;OBJECT_RECORD_HELL_DOG=399	pending	include/Game/ObjectRecordId.h:ObjectRecordId		
include/Game/Party.h:RosterMemberFilter	ROSTER_FILTER_PARTY=1;ROSTER_FILTER_RESERVE=2;ROSTER_FILTER_BOTH=3	retain	include/Game/Party.h:RosterMemberFilter		FilterPartyMember filters a roster slot by party-position presence or reserve absence in character.c; CombatantSide instead chooses party or field combatants.
include/Game/PartyAction.h:PartyMemberPickResult	PARTY_MEMBER_EMPTY=-1;PARTY_MEMBER_UNAVAILABLE=0;PARTY_MEMBER_READY=1	pending	include/Game/PartyAction.h:PartyMemberPickResult		
include/Game/PartyAction.h:MemberPanelState	MEMBER_PANEL_EMPTY=-1;MEMBER_PANEL_READY=0;MEMBER_PANEL_UNAVAILABLE=1;MEMBER_PANEL_LOW_HP=3;MEMBER_PANEL_FALLEN=4	pending	include/Game/PartyAction.h:MemberPanelState		
include/Game/PartyAction.h:CombatantSide	COMBATANT_SIDE_PARTY=1;COMBATANT_SIDE_FIELD=2;COMBATANT_SIDE_BOTH=3	retain	include/Game/PartyAction.h:CombatantSide		PickRandomCombatant tests party and field-actor bits in partyaction.c; RosterMemberFilter tests party and reserve roster membership in character.c.
include/Game/PartyAction.h:ActorActionAdjustResult	ACTOR_ACTION_NONE=0;ACTOR_ACTION_HANDLED=1;ACTOR_ACTION_ATTACK_QUEUED=2	pending	include/Game/PartyAction.h:ActorActionAdjustResult		
include/Game/PartyAction.h:ConditionAction	CONDITION_ACTION_IDLE=0;CONDITION_ACTION_ATTACK_OPPONENT=1;CONDITION_ACTION_ATTACK_ALLY=2;CONDITION_ACTION_FLEE=3;CONDITION_ACTION_NONE=4;CONDITION_ACTION_TALK=5;CONDITION_ACTION_DELAY_SIDE=6;CONDITION_ACTION_RESET_WAITS=7;CONDITION_ACTION_NONE_ALIAS=8;CONDITION_ACTION_ATTACK_OPPONENT_ALIAS_1=9;CONDITION_ACTION_ATTACK_ALLY_ALIAS_1=10;CONDITION_ACTION_DELAY_SIDE_ALIAS=11;CONDITION_ACTION_ATTACK_OPPONENT_ALIAS_2=12;CONDITION_ACTION_ATTACK_ALLY_ALIAS_2=13;CONDITION_ACTION_ATTACK_RANDOM=14;CONDITION_ACTION_SWAP_ROWS=15	retain	include/Game/PartyAction.h:ConditionAction		AdjustActorAction dispatches a condition-action nibble; equal 0..15 indices in resource, demon, and color tables have separate producers.
include/Game/PartyAction.h:PanelCommandId	PANEL_COMMAND_NONE=-1;PANEL_COMMAND_FIGHT=0;PANEL_COMMAND_GUN=1;PANEL_COMMAND_SKILL=2;PANEL_COMMAND_ITEM=3;PANEL_COMMAND_DEFENCE=4;PANEL_COMMAND_RETURN=5;PANEL_COMMAND_DDS=6;PANEL_COMMAND_STATUS=7;PANEL_COMMAND_ENCOUNTER=8	retain	include/Game/PartyAction.h:PanelCommandId		The battle panel command ID selects fight, gun, skill, item, and further action rows; EquipPart uses the coincident gun index to name an equipment part.
include/Game/PartyAction.h:BattleProtectionResult	BATTLE_PROTECTION_REFLECT_HALF=-5;BATTLE_PROTECTION_REFLECT=-4;BATTLE_PROTECTION_ABSORB_MP=-3;BATTLE_PROTECTION_BLOCKED=0;BATTLE_PROTECTION_NORMAL=1	retain	include/Game/PartyAction.h:BattleProtectionResult		CheckBattleProtection returns a temporary shield result to GetActionResistance; zero means blocked, while zero in final resistance means immune.
include/Game/PartyAction.h:AttackResistanceSpecial	ATTACK_RESIST_PROTECTED=-6;ATTACK_RESIST_REFLECT_HALF=-5;ATTACK_RESIST_REFLECT=-4;ATTACK_RESIST_ABSORB_MP=-3;ATTACK_RESIST_ABSORB_HP_HALF=-2;ATTACK_RESIST_ABSORB_HP=-1;ATTACK_RESIST_IMMUNE=0	retain	include/Game/PartyAction.h:AttackResistanceSpecial		Final nonpositive resistance outcomes include shield and record effects; overlapping negative reflection values come from protection unchanged, but zero differs from BattleProtectionResult.
include/Game/PartyAction.h:AttackResistanceEncoding	ATTACK_RESIST_BYTE_ABSORB_HP=251;ATTACK_RESIST_BYTE_ABSORB_HP_HALF=252;ATTACK_RESIST_BYTE_ABSORB_MP=253;ATTACK_RESIST_BYTE_REFLECT=254;ATTACK_RESIST_BYTE_REFLECT_HALF=255	pending	include/Game/PartyAction.h:AttackResistanceEncoding		
include/Game/PartyAction.h:CombatantSideRelation	COMBATANT_RELATION_PARTY_PAIR=-1;COMBATANT_RELATION_MIXED=0;COMBATANT_RELATION_FIELD_PAIR=1	pending	include/Game/PartyAction.h:CombatantSideRelation		
include/Game/PartyCommand.h:PartyCommandPhase	PARTY_COMMAND_WAIT_MEMBER=0;PARTY_COMMAND_PREPARE_MEMBER=1;PARTY_COMMAND_PICK_ACTION=2;PARTY_COMMAND_PICK_TARGET=3;PARTY_COMMAND_CONFIRM=4;PARTY_COMMAND_PICK_SUMMON_POSITION=5	pending	include/Game/PartyCommand.h:PartyCommandPhase		
include/Game/PartyCommand.h:ReachTestMode	REACH_VERTICAL_OR_OCCUPIED=0;REACH_SHARED_PARTY_CELL=1	pending	include/Game/PartyCommand.h:ReachTestMode		
include/Game/PartyCommand.h:TargetPickKind	TARGET_PICK_FIELD_OBJECT=1;TARGET_PICK_PARTY_SLOT=2;TARGET_PICK_ROSTER_LIST=4	retain	include/Game/PartyCommand.h:TargetPickKind		RunPickTargetWindow low bits select field objects, party slots, and roster list; TargetFlags bits select actor side, target side, and self.
include/Game/PartyCommand.h:TargetPickResult	TARGET_PICK_CANCELLED=-1;TARGET_PICK_WAITING=0;TARGET_PICK_SELECTED=1	retain	include/Game/PartyCommand.h:TargetPickResult		RunPickTargetWindow returns cancel/wait/selected after combining roster, field-object, and party-slot selection; PickPartySlotTarget translates PollPartySlotSelection and can reject its confirmed result for range or hover conditions.
include/Game/PartyReorder.h:PartyReorderPhase	REORDER_PHASE_OPEN=0;REORDER_PHASE_CLOSE=1;REORDER_PHASE_PICK_FIRST=2;REORDER_PHASE_PICK_SECOND=3	retain	include/Game/PartyReorder.h:PartyReorderPhase		RunPartyReorder uses phases 2 and 3 to pick two party slots and then exchange them; equal open/close phases in other states do not carry this reorder protocol.
include/Game/PartyStep.h:PartyStepResult	STEP_BLOCKED=0;STEP_WALK=1;STEP_DOOR=16	pending	include/Game/PartyStep.h:PartyStepResult		
include/Game/PickFlags.h:PickFlags	PICK_ITEM_SKILL=4	pending	include/Game/PickFlags.h:PickFlags		
include/Game/PoolFillMode.h:PoolFillMode	POOL_FILL_TO_MAX=0;POOL_FILL_TO_USHORT_MAX=1;POOL_FILL_TO_DOUBLE_MAX=2	retain	include/Game/PoolFillMode.h:PoolFillMode		FillPool chooses normal, ushort maximum, or doubled maximum cap; equal PoolStateKind values classify current fill state.
include/Game/RestoreEffect.h:RestoreEffect	RESTORE_EFFECT_POOLS=0;RESTORE_EFFECT_CURE_FIRST=1;RESTORE_EFFECT_CURE_LAST=34;RESTORE_EFFECT_HP_PAST_MAX=49;RESTORE_EFFECT_MP=50;RESTORE_EFFECT_HP_QUARTER_MP=51;RESTORE_EFFECT_MP_QUARTER_HP=52;RESTORE_EFFECT_MENTAL=53;RESTORE_EFFECT_EXTENDED_MENTAL=54;RESTORE_EFFECT_POISON_PARALYSIS=55;RESTORE_EFFECT_EXTENDED_POISON_PARALYSIS=56;RESTORE_EFFECT_PHYSICAL=57;RESTORE_EFFECT_FAINT=58;RESTORE_EFFECT_DEATH=59;RESTORE_EFFECT_DRAIN_MP=60;RESTORE_EFFECT_DRAIN_HP=61;RESTORE_EFFECT_GENERAL=62;RESTORE_EFFECT_HEAL_IF_ALIGNMENT_B_ABOVE_NEUTRAL=63;RESTORE_EFFECT_SPECIAL=64;RESTORE_EFFECT_HEAL_IF_ALIGNMENT_B_BELOW_NEUTRAL=65	pending	include/Game/RestoreEffect.h:RestoreEffect		
include/Game/RestoreEffect.h:RestoreResult	RESTORE_RESULT_FATAL_WITHOUT_REVIVAL=2;RESTORE_RESULT_EFFECT_REPORTED=3;RESTORE_RESULT_NO_EFFECT_REPORTED=6	pending	include/Game/RestoreEffect.h:RestoreResult		
include/Game/RestoreEffect.h:RestoreAmount	RESTORE_AMOUNT_NONE=0;RESTORE_AMOUNT_QUARTER=253;RESTORE_AMOUNT_HALF=254;RESTORE_AMOUNT_FULL=255	pending	include/Game/RestoreEffect.h:RestoreAmount		
include/Game/SaveGame.h:SaveSummaryField	SAVE_SUMMARY_NAME=0;SAVE_SUMMARY_LEVEL=1;SAVE_SUMMARY_AREA=2;SAVE_SUMMARY_FLOOR=3	pending	include/Game/SaveGame.h:SaveSummaryField		
include/Game/Scene.h:CellScenePhase	CELL_SCENE_PREPARE=0;CELL_SCENE_RUN_SCRIPT=1;CELL_SCENE_WAIT_INPUT=2;CELL_SCENE_FADE_OUT=3;CELL_SCENE_RETURN_FIELD=4	retain	include/Game/Scene.h:CellScenePhase		RunCellScene uses GetGamePhase for a cell-scene state and restores the field, sprites, and world-map request at phase 4; RunBackgroundScene has its own state and restores a saved background screen.
include/Game/Scene.h:FieldTextScenePhase	FIELD_TEXT_SCENE_START=0;FIELD_TEXT_SCENE_RETURN_FIELD=1	retain	include/Game/Scene.h:FieldTextScenePhase		RunFieldTextScene has a two-phase text-scene lifecycle; RunFrozenFieldScene has its own freeze/palette/fade state effects.
include/Game/Scene.h:FrozenFieldScenePhase	FROZEN_FIELD_SCENE_START=0;FROZEN_FIELD_SCENE_RETURN_FIELD=1	retain	include/Game/Scene.h:FrozenFieldScenePhase		RunFrozenFieldScene restores frozen objects and palette in its second phase; the equal text-scene phase belongs to another game state.
include/Game/Scene.h:PictureTransitionPhase	PICTURE_TRANSITION_FADE_OUT=0;PICTURE_TRANSITION_SHOW_PICTURE=1;PICTURE_TRANSITION_RUN_SCRIPT=2;PICTURE_TRANSITION_RETURN_FIELD=3	pending	include/Game/Scene.h:PictureTransitionPhase		
include/Game/Scene.h:BackgroundScenePhase	BACKGROUND_SCENE_PREPARE=0;BACKGROUND_SCENE_RUN_SCRIPT=1;BACKGROUND_SCENE_WAIT_INPUT=2;BACKGROUND_SCENE_FADE_OUT=3;BACKGROUND_SCENE_RESTORE=4	retain	include/Game/Scene.h:BackgroundScenePhase		RunBackgroundScene uses GetGamePhase for a background-scene state and restores a saved background screen at phase 4; RunCellScene returns to the field and handles sprites and world-map requests.
include/Game/SceneHotspot.h:SceneSpriteFlags	SCENE_SPRITE_INTERACTIVE=1;SCENE_SPRITE_FLIP_Y=16384;SCENE_SPRITE_FLIP_X=-32768	pending	include/Game/SceneHotspot.h:SceneSpriteFlags		
include/Game/SceneHotspotKind.h:SceneHotspotKind	SCENE_HOTSPOT_OBJECT=2;SCENE_HOTSPOT_BOX=3	pending	include/Game/SceneHotspotKind.h:SceneHotspotKind		
include/Game/ScreenEffect.h:ScriptAnimationPhase	SCRIPT_ANIMATION_LOAD=0;SCRIPT_ANIMATION_RUN=1;SCRIPT_ANIMATION_CLOSE=2	retain	include/Game/ScreenEffect.h:ScriptAnimationPhase		The script animation state loads, runs, and closes a picture effect; ItemMenuStep shares run/close numbers but opens and manages an item menu instead.
include/Game/Skill.h:SkillUseModes	SKILL_USE_FIELD=1;SKILL_USE_WORLD_MAP=2;SKILL_USE_FIELD_BATTLE=4	retain	include/Game/Skill.h:SkillUseModes		Skill record availability has a third field-battle bit; IsSkillUsableNow checks it against, rather than transports it into, lifecycle mode flags.
include/Game/Skill.h:SkillAreaAvailability	SKILL_AREA_FORBIDDEN=-1;SKILL_AREA_FIELD_MARKED=0;SKILL_AREA_ALLOWED=1	pending	include/Game/Skill.h:SkillAreaAvailability		
include/Game/Skill.h:SkillKind	SKILL_KIND_BASE_ATTACK=0;SKILL_KIND_ATTACK=1;SKILL_KIND_RESTORE=2;SKILL_KIND_BATTLE_TALLY=3;SKILL_KIND_BATTLE_STAT=4;SKILL_KIND_HP_DRAIN=5;SKILL_KIND_MP_DAMAGE=6;SKILL_KIND_MP_DRAIN=7;SKILL_KIND_EXPERIENCE_DRAIN=8;SKILL_KIND_CLEAR_BATTLE_TALLIES=9;SKILL_KIND_CLEAR_BATTLE_TALLIES_ALIAS=10;SKILL_KIND_RESET_BATTLE_STATS=11;SKILL_KIND_FIELD_TRAVEL=12;SKILL_KIND_SUMMON=13;SKILL_KIND_FIELD_EFFECT_REPORT_SUCCESS=14;SKILL_KIND_FIELD_EFFECT=15;SKILL_KIND_INERT=16	pending	include/Game/Skill.h:SkillKind		
include/Game/SkillFamily.h:SkillFamily	SKILL_FAMILY_NONE=0;SKILL_FAMILY_AGI=1;SKILL_FAMILY_ZAN=2;SKILL_FAMILY_DAWM=3;SKILL_FAMILY_ZIO=4;SKILL_FAMILY_BUFU=5;SKILL_FAMILY_EXPEL=6;SKILL_FAMILY_MEGI=7;SKILL_FAMILY_REMEDY_REVIVE=8;SKILL_FAMILY_MENTAL_ATTACK=9;SKILL_FAMILY_STATUS_MP_AND_DEMON_MAGIC=10;SKILL_FAMILY_SHIBABU=11;SKILL_FAMILY_ILLUSION=12;SKILL_FAMILY_DARK_MAGIC=13;SKILL_FAMILY_KAJA_KUNDA=14;SKILL_FAMILY_BARRIER_AND_TRAVEL_MAGIC=15;SKILL_FAMILY_DIA=16;SKILL_FAMILY_DRAIN_AND_AFFLICTION=17;SKILL_FAMILY_COMBAT_ACTION=18;SKILL_FAMILY_BEAST_ATTACK=19;SKILL_FAMILY_AERIAL_ATTACK=20;SKILL_FAMILY_BODY_ATTACK=21;SKILL_FAMILY_FIRE_ATTACK=22;SKILL_FAMILY_ICE_BREATH=23;SKILL_FAMILY_WATER_AND_ELECTRIC=24;SKILL_FAMILY_AILMENT_ATTACK=25;SKILL_FAMILY_DANCE_AND_FAIRY_BOLT=26;SKILL_FAMILY_SONG=27;SKILL_FAMILY_EYE_NEEDLE=28;SKILL_FAMILY_SWORD_TECHNIQUE=29;SKILL_FAMILY_MARTIAL_ART=30;SKILL_FAMILY_MELEE_TECHNIQUE=31;SKILL_FAMILY_ELEMENTAL_AND_DEMON_POWER=32;SKILL_FAMILY_ARROW=33	retain	include/Game/SkillFamily.h:SkillFamily		The skill-family byte groups skills into Agi, Zan, Zio, recovery, and other families; SkillId identifies individual spells and SkillKind selects behavior categories.
include/Game/SkillId.h:SkillId	SKILL_SWORD_ATTACK=1;SKILL_AGI=16;SKILL_MAHOROGI=87;SKILL_NOELEM=93;SKILL_TRAESTO=121;SKILL_TRAPORT=122;SKILL_TRAFURI=123;SKILL_SABBATMA=125;SKILL_SELF_RECOVERY=250;SKILL_FUSION=270	pending	include/Game/SkillId.h:SkillId		
include/Game/SkillUse.h:BattleStatEffectKind	BATTLE_STAT_EFFECT_WEAPON_GUN_POWER=0;BATTLE_STAT_EFFECT_WEAPON_GUN_ACCURACY=1;BATTLE_STAT_EFFECT_WEAPON_GUN_DEFENSE=2;BATTLE_STAT_EFFECT_MAGIC_ATTACK=3;BATTLE_STAT_EFFECT_MAGIC_DEFENSE=4;BATTLE_STAT_EFFECT_MAGIC_ALL=5	pending	include/Game/SkillUse.h:BattleStatEffectKind		
include/Game/SkillUse.h:BattleStatEffectEncoding	BATTLE_STAT_EFFECT_LOWER=128;BATTLE_STAT_EFFECT_KIND_MASK=127	pending	include/Game/SkillUse.h:BattleStatEffectEncoding		
include/Game/SkillUse.h:BattleTallyIndex	BATTLE_TALLY_NONE=-1;BATTLE_TALLY_MAGIC_SEAL=0;BATTLE_TALLY_MAGIC_REFLECT=1;BATTLE_TALLY_MAGIC_REFLECT_HALF=2;BATTLE_TALLY_MAGIC_MP_ABSORB=3;BATTLE_TALLY_INCURABLE_CURSE=4;BATTLE_TALLY_TETRAKARN=5;BATTLE_TALLY_PHYSICAL_REFLECT=6;BATTLE_TALLY_GUN_BLOCK=7;BATTLE_TALLY_FIRE_BLOCK=8;BATTLE_TALLY_ICE_BLOCK=9;BATTLE_TALLY_ELECTRIC_BLOCK=10;BATTLE_TALLY_EXPEL_BLOCK=11;BATTLE_TALLY_DARK_BLOCK=12;BATTLE_TALLY_ALL_BLOCK=13;BATTLE_TALLY_MAGIC_GUN_BLOCK=14	pending	include/Game/SkillUse.h:BattleTallyIndex		
include/Game/SkillUse.h:BattleTallyReportMode	BATTLE_TALLY_TEST_REMEMBERED=-1;BATTLE_TALLY_TEST_INDEX=0;BATTLE_TALLY_REMEMBER=1	pending	include/Game/SkillUse.h:BattleTallyReportMode		
include/Game/SkillUse.h:BattleActionPhase	BATTLE_ACTION_PHASE_COLLECT_TARGETS=0;BATTLE_ACTION_PHASE_PROMPT=1;BATTLE_ACTION_PHASE_RESOLVE=2;BATTLE_ACTION_PHASE_APPLY_EFFECT=3;BATTLE_ACTION_PHASE_APPLY_CONDITIONS=4;BATTLE_ACTION_PHASE_SHOW_KNOCKOUTS=5;BATTLE_ACTION_PHASE_REPORT=6;BATTLE_ACTION_PHASE_NEXT_TARGET=7;BATTLE_ACTION_PHASE_END=8	pending	include/Game/SkillUse.h:BattleActionPhase		
include/Game/StatBarRows.h:StatBarRows	STAT_BAR_ROWS_FIRST=-1;STAT_BAR_ROWS_BOTH=0;STAT_BAR_ROWS_SECOND=1	pending	include/Game/StatBarRows.h:StatBarRows		
include/Game/StateStack.h:SubstateResult	SUBSTATE_FINISHED=-1;SUBSTATE_RUNNING=0	pending	include/Game/StateStack.h:SubstateResult		
include/Game/StatusScreen.h:DismissMenuPhase	DISMISS_MENU_RESET_SELECTION=0;DISMISS_MENU_WAIT_INPUT=1;DISMISS_MENU_CLOSE=2	pending	include/Game/StatusScreen.h:DismissMenuPhase		
include/Game/StatusScreen.h:StatusStep	STATUS_STEP_DRAW=0;STATUS_STEP_POLL=1;STATUS_STEP_CLOSE=2;STATUS_STEP_ITEMS=3;STATUS_STEP_SKILLS=4;STATUS_STEP_STATS=5;STATUS_STEP_NEXT_MEMBER=6;STATUS_STEP_EXIT=7;STATUS_STEP_EQUIPMENT=8;STATUS_STEP_ATTACH=9;STATUS_STEP_ALIGNMENT=10	retain	include/Game/StatusScreen.h:StatusStep		RunStatusCommands dispatches draw, poll, close, and status-page choices from GetGameStep; the DDS roster picker uses an argument and has only open/poll/close.
include/Game/StatusScreen.h:StatusCommand	STATUS_COMMAND_NONE=-1;STATUS_COMMAND_CANCEL=-2;STATUS_COMMAND_CANCEL_FIXED_MEMBER=-3	pending	include/Game/StatusScreen.h:StatusCommand		
include/Game/StatusScreen.h:StatusScreenPhase	STATUS_PHASE_OPEN=0;STATUS_PHASE_CLOSE=1;STATUS_PHASE_PICK_MEMBER=2;STATUS_PHASE_COMMANDS=3	retain	include/Game/StatusScreen.h:StatusScreenPhase		RunStatusScreen uses phases 2 and 3 to pick a member and execute status commands; LevelUpPhase also picks a member at 2 but follows a different state and growth path.
include/Game/StatusScreen.h:PickMemberStep	PICK_MEMBER_STEP_OPEN=0;PICK_MEMBER_STEP_PICKED=1;PICK_MEMBER_STEP_POLL=2;PICK_MEMBER_STEP_CANCELLED=65535	pending	include/Game/StatusScreen.h:PickMemberStep		
include/Game/StatusScreen.h:StatusListColumn	STATUS_LIST_ALL=0;STATUS_LIST_SUMMONABLE=1;STATUS_LIST_RESERVE_UNFLAGGED=2;STATUS_LIST_UNFLAGGED=3;STATUS_LIST_RESERVE=4;STATUS_LIST_DEMONS=5	pending	include/Game/StatusScreen.h:StatusListColumn		
include/Game/StatusScreen.h:RosterReplacementPhase	ROSTER_REPLACEMENT_OPEN_LIST=0;ROSTER_REPLACEMENT_PICK_MEMBER=1;ROSTER_REPLACEMENT_APPLY=2	pending	include/Game/StatusScreen.h:RosterReplacementPhase		
include/Game/TargetArea.h:TargetArea	TARGET_AREA_SELECTED_ONLY=0;TARGET_AREA_LINE=2;TARGET_AREA_VISIBLE_FIRST=6;TARGET_AREA_VISIBLE_LAST=7;TARGET_AREA_WEAPON_HITS=255	pending	include/Game/TargetArea.h:TargetArea		
include/Game/TargetCountMode.h:TargetCountMode	TARGET_COUNT_RANDOM_TARGETS=0;TARGET_COUNT_ALL_TARGETS=15	pending	include/Game/TargetCountMode.h:TargetCountMode		
include/Game/TargetFlags.h:TargetFlags	TARGET_ACTOR_SIDE=1;TARGET_TARGET_SIDE=2;TARGET_SELF=4;TARGET_EXPAND_GROUP=8	retain	include/Game/TargetFlags.h:TargetFlags		Skill/item target flags choose attack sides and self; equal low bits in TargetPickKind choose picker sources, with a translation at callers.
include/Game/ViewCellAxis.h:ViewCellAxis	VIEW_CELL_COLUMN=0;VIEW_CELL_ROW=1	pending	include/Game/ViewCellAxis.h:ViewCellAxis		
include/Game/ViewDirection.h:ViewDirection	VIEW_NONE=-1;VIEW_NORTH=0;VIEW_EAST=1;VIEW_SOUTH=2;VIEW_WEST=3	pending	include/Game/ViewDirection.h:ViewDirection		
include/Game/WaitState.h:WaitMode	WAIT_FRAMES=0;WAIT_INPUT=1;WAIT_INPUT_OR_FRAMES=2;WAIT_FADE=3	pending	include/Game/WaitState.h:WaitMode		
include/Game/WaitState.h:WaitInputMask	WAIT_ON_LEFT_DOWN=1;WAIT_ON_LEFT_PRESSED=2;WAIT_ON_ANY_INPUT=65535	pending	include/Game/WaitState.h:WaitInputMask		
include/Game/WallKind.h:WallKind	WALL_KIND_NONE=0;WALL_KIND_DOOR=1;WALL_KIND_FLAG_BARRED_DOOR=2;WALL_KIND_SOLID=3;WALL_KIND_INVISIBLE_BARRIER=6;WALL_KIND_UNBARRED_DOOR=11;WALL_KIND_PASSABLE_WALL=12	pending	include/Game/WallKind.h:WallKind		
include/Game/WorldMap.h:WorldMapPhase	WORLD_MAP_PHASE_LOAD=0;WORLD_MAP_PHASE_SAVE_VIDEO=1;WORLD_MAP_PHASE_ENTER=2;WORLD_MAP_PHASE_LOAD_BLOCKS=3;WORLD_MAP_PHASE_SCROLL_VIEW=4;WORLD_MAP_PHASE_WAIT_DESTINATION=5;WORLD_MAP_PHASE_TRAVEL=6;WORLD_MAP_PHASE_FADE_OUT=7;WORLD_MAP_PHASE_CLOSE=8;WORLD_MAP_PHASE_LEAVE_FOR_STATE=9;WORLD_MAP_PHASE_REENTER=10	pending	include/Game/WorldMap.h:WorldMapPhase		
include/Gfx/Bitmap.h:BitmapPaletteIndex	BMP_TRANSPARENT_INDEX=1	retain	include/Gfx/Bitmap.h:BitmapPaletteIndex		Bitmap decoders and color-key setup use palette entry 1 as transparency; matching value 1 in menu and state enums does not index a bitmap palette.
include/Gfx/Bitmap.h:BitmapFileSignature	BMP_FILE_SIGNATURE=19778	retain	include/Gfx/Bitmap.h:BitmapFileSignature		HasBitmapFileSignature compares the BITMAPFILEHEADER bfType against the BM file signature 0x4d42; it is a file-format tag, not a game value.
include/Gfx/D3DState.h:D3DDeviceKind	D3D_DEVICE_HAL=0;D3D_DEVICE_MMX=1;D3D_DEVICE_RAMP=2	retain	include/Gfx/D3DState.h:D3DDeviceKind		g_deviceType selects HAL, MMX, or RAMP rendering paths in bitmapio.cpp; equal ordinal values elsewhere select unrelated resources or states.
include/Gfx/Motion.h:EffectOpcode	EFFECT_SOUND=253;EFFECT_PALETTE=254;EFFECT_JUMP=255	retain	include/Gfx/Motion.h:EffectOpcode		The motion command byte dispatches 0xfd/0xfe/0xff to sound, palette, and jump commands in motion.c; these are not the same payload as other 8-bit sentinels.
include/Gfx/Motion.h:EffectImageBase	EFFECT_IMAGE_LATERAL_ADJUST=256	retain	include/Gfx/Motion.h:EffectImageBase		GetEffectImageBase is compared with 0x100 in effectdraw.cpp to adjust an effect frame; the value is an image-code base, not a script opcode bank.
include/Gfx/Palette.h:PaletteUpdateFlags	PALETTE_UPDATE_DIRTY=64;PALETTE_UPDATE_QUEUED=128	retain	include/Gfx/Palette.h:PaletteUpdateFlags		vram.c sets and clears 0x40 dirty and 0x80 queued bits in s_paletteFlags; matching bit values in other flags operate on different storage.
include/Gfx/Picture.h:EventCursorPicture	EVENT_CURSOR_DELAY_EXCLUSIVE_BEGIN=20694;EVENT_CURSOR_DELAY_END=20709;EVENT_CURSOR_DELAY_SINGLE=20633;EVENT_CURSOR_ACTIVE_EXCLUSIVE_BEGIN=20687;EVENT_CURSOR_ACTIVE_END=20695;EVENT_CURSOR_ACTIVE_ALT_EXCLUSIVE_BEGIN=20607;EVENT_CURSOR_ACTIVE_ALT_END=20624;EVENT_CURSOR_ACTIVE_SINGLE=20726	pending	include/Gfx/Picture.h:EventCursorPicture		
include/Gfx/Scene.h:WorldMapHitFlags	WORLD_MAP_HIT_NONE=0;WORLD_MAP_HIT_AUTOMAP_LAYER=1;WORLD_MAP_HIT_MARKER_COLOR=2	retain	include/Gfx/Scene.h:WorldMapHitFlags		worldtravel.c tests WORLD_MAP_HIT_MARKER_COLOR from the world-map hit result; 1 and 2 describe map hit kinds rather than UI row or input states.
include/Gfx/ScreenLayer.h:ScreenLayerSlot	SCREEN_LAYER_MENU_BAR=0;SCREEN_LAYER_PANEL=1;SCREEN_LAYER_ICON=2;SCREEN_LAYER_MOON_PHASE=3;SCREEN_LAYER_LOCATION=4;SCREEN_LAYER_CURRENCY=5;SCREEN_LAYER_AUTOMAP=6;SCREEN_LAYER_NAVIGATION=7;SCREEN_LAYER_NONPARTY_LAST=7;SCREEN_LAYER_FIRST_PANEL=8;SCREEN_LAYER_DEFAULT_VISIBLE_BEGIN=2;SCREEN_LAYER_DEFAULT_VISIBLE_END=8;SCREEN_LAYER_TEXT=14	retain	include/Gfx/ScreenLayer.h:ScreenLayerSlot		g_screenLayers and ShowScreenLayer use these numbers as indices in the 15-layer display array; equal small values in other enums index different arrays.
include/Gfx/Sprite.h:SpriteLayerMode	SPRITE_LAYERS_ALL=0;SPRITE_LAYERS_PARTY_AND_TEXT=1	pending	include/Gfx/Sprite.h:SpriteLayerMode		
include/Gfx/Sprite.h:SpriteImageVariant	SPRITE_IMAGE_HALF_SIZE=4	retain	include/Gfx/Sprite.h:SpriteImageVariant		sprite.cpp tests bit 4 of the sprite image code within the 0x2000..0x2fff range for half-size images; other value-4 flags address different records.
include/Gfx/Sprite.h:SpriteCompositeImage	SPRITE_IMAGE_CACHED_BACKDROP=16409;SPRITE_IMAGE_INSET_EXCLUSIVE_BEGIN=16413;SPRITE_IMAGE_INSET_END=16416;SPRITE_IMAGE_CLEAR_BACKDROP=16538;SPRITE_IMAGE_CACHED_OVERLAY=16539	pending	include/Gfx/Sprite.h:SpriteCompositeImage		
include/Gfx/Texture.h:TextureShade	TEXTURE_SHADE_NORMAL=0;TEXTURE_SHADE_DARK=1;TEXTURE_SHADE_LIT=2;TEXTURE_SHADE_COUNT=3	retain	include/Gfx/Texture.h:TextureShade		bitmapio.cpp indexes a texture material and diffuse-color table by normal, dark, and lit shade; these ordinals are not menu or game phases.
include/Input/Mouse.h:MouseButtonBits	MOUSE_LEFT_DOWN=1;MOUSE_LEFT_WAS_DOWN=2;MOUSE_LEFT_PRESSED=4;MOUSE_LEFT_RELEASED=8;MOUSE_RIGHT_DOWN=16;MOUSE_RIGHT_WAS_DOWN=32;MOUSE_RIGHT_PRESSED=64;MOUSE_RIGHT_RELEASED=128	retain	include/Input/Mouse.h:MouseButtonBits		mouse.c and waitstate.c test the left and right button transition bits in g_mousePosition.buttons; same numeric bits in other masks operate on other fields.
include/Input/MouseCancelMode.h:MouseCancelMode	MOUSE_CANCEL_IGNORE=0;MOUSE_CANCEL_ACCEPT=1	retain	include/Input/MouseCancelMode.h:MouseCancelMode		scriptvm.c passes accept or ignore to SetWindowOption for right-click cancellation; values 0 and 1 are a policy choice, not a click state.
include/Input/MouseClickState.h:MouseClickState	MOUSE_CLICK_PRESENT=-1;MOUSE_CLICK_NONE=0	retain	include/Input/MouseClickState.h:MouseClickState		mouse.c stores -1 or 0 in the left and right click latches and consumes them; these values represent latch presence, not menu cancellation.
include/Math/FieldSubcell.h:FieldSubcell	FIELD_SUBCELL_ROW0_COL0=0;FIELD_SUBCELL_ROW0_COL1=1;FIELD_SUBCELL_ROW0_COL2=2;FIELD_SUBCELL_ROW1_COL0=3;FIELD_SUBCELL_CENTER=4;FIELD_SUBCELL_ROW1_COL2=5;FIELD_SUBCELL_ROW2_COL0=6;FIELD_SUBCELL_ROW2_COL1=7;FIELD_SUBCELL_ROW2_COL2=8	retain	include/Math/FieldSubcell.h:FieldSubcell		fieldobj.c uses 0..8 as positions in 3-by-3 cell occupancy layouts, with 4 the center; matching ordinals in other enums index different structures.
include/Mem/Handle.h:HandleFlags	HANDLE_FREE=0;HANDLE_IN_USE=1	retain	include/Mem/Handle.h:HandleFlags		handle.c writes HANDLE_FREE or HANDLE_IN_USE into handle-entry flags and tests the in-use bit; equal 0/1 values in UI or game states do not describe allocation.
include/Platform/ScreenFade.h:ScreenFadeMode	SCREEN_FADE_NONE=0;SCREEN_FADE_FROM_BLACK=1;SCREEN_FADE_TO_BLACK=2;SCREEN_FADE_FROM_WHITE=5;SCREEN_FADE_TO_WHITE=6	retain	include/Platform/ScreenFade.h:ScreenFadeMode		winmain.cpp stores these modes in g_fadeMode and drives fade transitions; state-machine phases elsewhere do not encode fade direction and color.
include/Script/ActorAlertMode.h:ActorAlertMode	ACTOR_ALERT_NORMAL=0;ACTOR_ALERT_IMMEDIATE=1;ACTOR_ALERT_DELAY=2	retain	include/Script/ActorAlertMode.h:ActorAlertMode		scriptvm.c sends normal, immediate, or delayed actor alerts to OpSetActorAlert; the value selects alert timing, not an actor AI mode.
include/Script/ActorSpoilKind.h:ActorSpoilKind	ACTOR_SPOIL_MACCA=0;ACTOR_SPOIL_MAGNETITE=1;ACTOR_SPOIL_EXPERIENCE=2	retain	include/Script/ActorSpoilKind.h:ActorSpoilKind		GrantActorSpoil mutates macca, magnetite, or experience; the battle-result selector reads totals and per-member experience or a drop item.
include/Script/BranchMode.h:ScriptBranchMode	SCRIPT_BRANCH_JUMP=0;SCRIPT_BRANCH_CALL=1	retain	include/Script/BranchMode.h:ScriptBranchMode		Script opcode dispatch passes jump or call to OpJumpScript and switch helpers; ScriptTestPolarity instead controls whether a predicate is inverted.
include/Script/BranchMode.h:ScriptTestPolarity	SCRIPT_TEST_NORMAL=0;SCRIPT_TEST_INVERTED=1	retain	include/Script/BranchMode.h:ScriptTestPolarity		The script VM passes normal or inverted to conditional helpers such as OpJumpUnlessStatContest; ScriptBranchMode separately chooses jump versus call.
include/Script/EventFlags.h:EventFlagBank	EVENT_FLAG_BANK_SCENARIO=0;EVENT_FLAG_BANK_SCENARIO_2=1;EVENT_FLAG_BANK_OWNED=2;EVENT_FLAG_BANK_BOXES=4;EVENT_FLAG_BANK_ITEM_EFFECTS=7;EVENT_FLAG_BANK_LEVEL=8;EVENT_FLAG_BANK_AREA=9;EVENT_FLAG_BANK_SCRATCH=12;EVENT_FLAG_BANK_LEVEL_SCRATCH=13;EVENT_FLAG_BANK_ACTOR=14;EVENT_FLAG_BANK_SYSTEM=15	retain	include/Script/EventFlags.h:EventFlagBank		eventflags.c indexes sixteen saved FlagBank records; the same flag index can mean a different event in each bank, so bank IDs are separate from flag indices.
include/Script/EventFlags.h:AreaFlag	AREA_FIXED_BACKGROUND=123	retain	include/Script/EventFlags.h:AreaFlag		AREA_FIXED_BACKGROUND is flag 0x7b in EVENT_FLAG_BANK_AREA, tested by scene and script code; the bank and index together identify it.
include/Script/EventFlags.h:ItemEffectFlag	ITEM_EFFECT_CORE_SHIELD=253;ITEM_EFFECT_SOMA_CUP_USED=254;ITEM_EFFECT_KUSHINADA_JAR_USED=255	retain	include/Script/EventFlags.h:ItemEffectFlag		Bank 7 uses indices 0xfd..0xff for shield and consumed full-moon items; identical motion effect opcode bytes select sound, palette, and jump commands.
include/Script/LongOperandMode.h:LongOperandMode	LONG_OPERAND_EXPLICIT=0;LONG_OPERAND_IN_PLACE=1	retain	include/Script/LongOperandMode.h:LongOperandMode		scriptvm.c passes explicit or in-place mode to long-variable arithmetic helpers; those values select operand placement, not branch or test polarity.
include/Script/ObjectRef.h:ObjectRefKind	OBJECT_REF_DIRECT=0;OBJECT_REF_CHARACTER_ID=1;OBJECT_REF_PARTY_SLOT=2;OBJECT_REF_ROSTER_SLOT=3	retain	include/Script/ObjectRef.h:ObjectRefKind		scriptctx.c converts direct, character-ID, party-slot, and roster-slot references by adding a corresponding encoded base; these are input forms, not the resulting reference values.
include/Script/ObjectRef.h:ObjectRefEncoding	SCRIPT_REF_PARTY_BASE=1000;SCRIPT_REF_ROSTER_BASE=2000;SCRIPT_REF_CHARACTER_BASE=3000	retain	include/Script/ObjectRef.h:ObjectRefEncoding		ResolveScriptObject interprets the 1000/2000/3000 bases as party, roster, and character encoded references; ObjectRefKind is a separate 0..3 conversion selector.
include/Script/ObjectRef.h:ScriptSpecialRef	SCRIPT_REF_SLOT_BASE=-1;SCRIPT_REF_FAVOURED_MEMBER=-16;SCRIPT_REF_ACTOR=-17;SCRIPT_REF_ACTOR_BY_ID=-18;SCRIPT_REF_ACTOR_ALIAS=-19;SCRIPT_REF_BATTLE_ACTOR=-20;SCRIPT_REF_BATTLE_TARGET=-21;SCRIPT_REF_FUSION_RESULT=-22;SCRIPT_REF_FUSION_RESULT_ALIAS=-23;SCRIPT_REF_ROLLED_SPOILS=-24	retain	include/Script/ObjectRef.h:ScriptSpecialRef		ResolveScriptObject interprets negative references as current actor, battle target, fusion result, or roster slot; they are actual reference encodings rather than UI status sentinels.
include/Script/Opcode.h:ScriptOpcode	SCRIPT_OP_END=0;SCRIPT_OP_CALL_BANK_SCRIPT_1=1;SCRIPT_OP_CALL_BANK_SCRIPT_2=2;SCRIPT_OP_CALL_BANK_SCRIPT_3=3;SCRIPT_OP_CALL_BANK_SCRIPT_4=4;SCRIPT_OP_CALL_BANK_SCRIPT_5=5;SCRIPT_OP_CALL_BANK_SCRIPT_6=6;SCRIPT_OP_CALL_BANK_SCRIPT_7=7;SCRIPT_OP_CALL_BANK_SCRIPT_8=8;SCRIPT_OP_JUMP_UNLESS_FLAG_TEST_RESULT_CLEAR=9;SCRIPT_OP_ADVANCE_WINDOW_LINE=10;SCRIPT_OP_JUMP_UNLESS_FLAG_TEST_RESULT_SET=11;SCRIPT_OP_GOTO_SCRIPT=12;SCRIPT_OP_CALL_SCRIPT=13;SCRIPT_OP_SWITCH_ON_RANDOM_JUMP=14;SCRIPT_OP_SWITCH_ON_SELECTION_JUMP=15;SCRIPT_OP_JUMP_UNLESS_CONTEST_LEVEL_0_NORMAL=16;SCRIPT_OP_JUMP_UNLESS_CONTEST_LEVEL_0_INVERTED=17;SCRIPT_OP_JUMP_UNLESS_CONTEST_LEVEL_1_NORMAL=18;SCRIPT_OP_JUMP_UNLESS_CONTEST_LEVEL_1_INVERTED=19;SCRIPT_OP_JUMP_UNLESS_CONTEST_LEVEL_2_NORMAL=20;SCRIPT_OP_JUMP_UNLESS_CONTEST_LEVEL_2_INVERTED=21;SCRIPT_OP_JUMP_UNLESS_CONTEST_LEVEL_3_NORMAL=22;SCRIPT_OP_JUMP_UNLESS_CONTEST_LEVEL_3_INVERTED=23;SCRIPT_OP_JUMP=24;SCRIPT_OP_SET_EVENT_FLAG=25;SCRIPT_OP_CLEAR_EVENT_FLAG=26;SCRIPT_OP_BEGIN_TEXT_CAPTURE=27;SCRIPT_OP_END_TEXT_CAPTURE=28;SCRIPT_OP_EXTEND_BANK_THREE=29;SCRIPT_OP_EXTEND_BANK_TWO=30;SCRIPT_OP_EXTEND_BANK_ONE=31;SCRIPT_OP_PRINT_OPERAND_TEXT=257;SCRIPT_OP_PRINT_NUMBER=258;SCRIPT_OP_IF_ANY_FLAGS=259;SCRIPT_OP_IF_ALL_FLAGS=260;SCRIPT_OP_JUMP_UNLESS_SWAPPED_CONTEST_LEVEL_0_NORMAL=261;SCRIPT_OP_JUMP_UNLESS_SWAPPED_CONTEST_LEVEL_0_INVERTED=262;SCRIPT_OP_JUMP_UNLESS_SWAPPED_CONTEST_LEVEL_1_NORMAL=263;SCRIPT_OP_JUMP_UNLESS_SWAPPED_CONTEST_LEVEL_1_INVERTED=264;SCRIPT_OP_JUMP_UNLESS_SWAPPED_CONTEST_LEVEL_2_NORMAL=265;SCRIPT_OP_JUMP_UNLESS_SWAPPED_CONTEST_LEVEL_2_INVERTED=266;SCRIPT_OP_JUMP_UNLESS_SWAPPED_CONTEST_LEVEL_3_NORMAL=267;SCRIPT_OP_JUMP_UNLESS_SWAPPED_CONTEST_LEVEL_3_INVERTED=268;SCRIPT_OP_ALERT_ACTOR=269;SCRIPT_OP_ALERT_ACTOR_IMMEDIATELY=270;SCRIPT_OP_DELAY_ACTOR=271;SCRIPT_OP_END_ALIAS_1=272;SCRIPT_OP_SWITCH_ON_RANDOM_CALL=273;SCRIPT_OP_SWITCH_ON_SELECTION_CALL=274;SCRIPT_OP_SWITCH_ON_ALIGNMENT_A_JUMP=275;SCRIPT_OP_SWITCH_ON_ALIGNMENT_A_CALL=276;SCRIPT_OP_SWITCH_ON_ALIGNMENT_B_JUMP=277;SCRIPT_OP_SWITCH_ON_ALIGNMENT_B_CALL=278;SCRIPT_OP_SWITCH_ON_MOON_PHASE_JUMP=279;SCRIPT_OP_SWITCH_ON_MOON_PHASE_CALL=280;SCRIPT_OP_SWITCH_ON_RANGE_JUMP=281;SCRIPT_OP_SWITCH_ON_RANGE_CALL=282;SCRIPT_OP_SWITCH_ON_ACTOR_ATTR_A_JUMP=283;SCRIPT_OP_SWITCH_ON_ACTOR_ATTR_A_CALL=284;SCRIPT_OP_SWITCH_ON_ACTOR_ATTR_B_JUMP=285;SCRIPT_OP_SWITCH_ON_ACTOR_ATTR_B_CALL=286;SCRIPT_OP_SET_ACTOR_ATTITUDE=287;SCRIPT_OP_SET_ACTOR_FIELD_STATE=288;SCRIPT_OP_SET_ACTOR_MODE_ATTACK=289;SCRIPT_OP_SET_ACTOR_MODE_FLEE=290;SCRIPT_OP_SET_ACTOR_MODE_DEFEND=291;SCRIPT_OP_SET_ACTOR_MODE_APPROACH=292;SCRIPT_OP_SET_ACTOR_MODE_STEP_INTO_RANGE=293;SCRIPT_OP_SET_ACTOR_MODE_STEP_CLOSER=294;SCRIPT_OP_SET_ACTOR_MODE_CIRCLE_AROUND=295;SCRIPT_OP_SET_ACTOR_MODE_RECOVER=296;SCRIPT_OP_SET_ACTOR_MODE_WANDER=297;SCRIPT_OP_SET_ACTOR_MODE_IDLE=298;SCRIPT_OP_SET_ACTOR_MODE_TALK=299;SCRIPT_OP_RESET_AND_REVERSE_WINDOW_ATTR=300;SCRIPT_OP_RESET_WINDOW_ATTR=301;SCRIPT_OP_REVERSE_WINDOW_ATTR=302;SCRIPT_OP_SET_WINDOW_GLYPH_COLOR=303;SCRIPT_OP_SET_WINDOW_BACKGROUND_COLOR=304;SCRIPT_OP_SET_WINDOW_DIM_COLOR=305;SCRIPT_OP_ENABLE_WINDOW_OPAQUE_BACKGROUND=306;SCRIPT_OP_DISABLE_WINDOW_OPAQUE_BACKGROUND=307;SCRIPT_OP_SET_WINDOW_ATTR_FLAG1=308;SCRIPT_OP_CLEAR_WINDOW_ATTR_FLAG1=309;SCRIPT_OP_DISABLE_WINDOW_HALF_WIDTH=310;SCRIPT_OP_ENABLE_WINDOW_HALF_WIDTH=311;SCRIPT_OP_CLEAR_WINDOW_ATTR_FLAG2=312;SCRIPT_OP_SET_WINDOW_ATTR_FLAG2=313;SCRIPT_OP_SAVE_WINDOW_COLOR=314;SCRIPT_OP_RESTORE_WINDOW_COLOR=315;SCRIPT_OP_SET_WINDOW_ALT_COLOR=316;SCRIPT_OP_SET_WINDOW_INSTANT_COLOR=317;SCRIPT_OP_ADD_TO_ROSTER=318;SCRIPT_OP_REMOVE_FROM_ROSTER=319;SCRIPT_OP_JOIN_ACTIVE_PARTY=320;SCRIPT_OP_LEAVE_ACTIVE_PARTY=321;SCRIPT_OP_MUL_LONG_VAR_EXPLICIT=322;SCRIPT_OP_DIV_LONG_VAR_EXPLICIT=323;SCRIPT_OP_ADD_LONG_VAR_EXPLICIT=324;SCRIPT_OP_SUB_LONG_VAR_EXPLICIT=325;SCRIPT_OP_AND_LONG_VAR_EXPLICIT=326;SCRIPT_OP_OR_LONG_VAR_EXPLICIT=327;SCRIPT_OP_XOR_LONG_VAR_EXPLICIT=328;SCRIPT_OP_SHL_LONG_VAR_EXPLICIT=329;SCRIPT_OP_SAR_LONG_VAR_EXPLICIT=330;SCRIPT_OP_PERCENT_LONG_VAR_EXPLICIT=331;SCRIPT_OP_MUL_LONG_VAR_IN_PLACE=332;SCRIPT_OP_DIV_LONG_VAR_IN_PLACE=333;SCRIPT_OP_ADD_LONG_VAR_IN_PLACE=334;SCRIPT_OP_SUB_LONG_VAR_IN_PLACE=335;SCRIPT_OP_AND_LONG_VAR_IN_PLACE=336;SCRIPT_OP_OR_LONG_VAR_IN_PLACE=337;SCRIPT_OP_XOR_LONG_VAR_IN_PLACE=338;SCRIPT_OP_SHL_LONG_VAR_IN_PLACE=339;SCRIPT_OP_SAR_LONG_VAR_IN_PLACE=340;SCRIPT_OP_PERCENT_LONG_VAR_IN_PLACE=341;SCRIPT_OP_TOGGLE_EVENT_FLAG=342;SCRIPT_OP_YIELD=343;SCRIPT_OP_PUSH_RETURN_TARGET=344;SCRIPT_OP_DROP_CALL_FRAME=345;SCRIPT_OP_SWAP_CALL_FRAMES=346;SCRIPT_OP_CLEAR_CALL_STACK=347;SCRIPT_OP_ADD_MACCA=348;SCRIPT_OP_SUBTRACT_MACCA=349;SCRIPT_OP_ADD_MAGNETITE=350;SCRIPT_OP_SUBTRACT_MAGNETITE=351;SCRIPT_OP_GIVE_ITEM=352;SCRIPT_OP_TAKE_ITEM=353;SCRIPT_OP_RESTART_AND_DESPAWN_ALIAS=354;SCRIPT_OP_GRANT_ACTOR_PICK_ITEM=355;SCRIPT_OP_GRANT_ACTOR_PICK_ITEM_ALIAS=356;SCRIPT_OP_GRANT_ACTOR_MACCA=357;SCRIPT_OP_GRANT_ACTOR_MAGNETITE=358;SCRIPT_OP_GRANT_ACTOR_SECOND_ITEM=359;SCRIPT_OP_GRANT_ACTOR_FIRST_ITEM=360;SCRIPT_OP_GRANT_ACTOR_GEM=361;SCRIPT_OP_GRANT_ACTOR_EXPERIENCE=362;SCRIPT_OP_GRANT_RANDOM_ACTOR_REWARD=363;SCRIPT_OP_GRANT_RANDOM_ACTOR_REWARD_B=364;SCRIPT_OP_ROLL_ACTOR_MAGNETITE=365;SCRIPT_OP_ROLL_ACTOR_MACCA=366;SCRIPT_OP_LOAD_SPRITE=368;SCRIPT_OP_PLACE_SPRITE=369;SCRIPT_OP_HIDE_SPRITE=370;SCRIPT_OP_PLACE_SPRITE_ALIAS=371;SCRIPT_OP_FADE_IN=375;SCRIPT_OP_FADE_OUT=376;SCRIPT_OP_JUMP_UNLESS_FLAG_SET_RESULT_CLEAR=377;SCRIPT_OP_JUMP_UNLESS_FLAG_SET_RESULT_SET=378;SCRIPT_OP_JUMP_UNLESS_FLAG_CLEAR_RESULT_CLEAR=379;SCRIPT_OP_JUMP_UNLESS_FLAG_CLEAR_RESULT_SET=380;SCRIPT_OP_JUMP_UNLESS_FLAG_TOGGLE_RESULT_CLEAR=381;SCRIPT_OP_JUMP_UNLESS_FLAG_TOGGLE_RESULT_SET=382;SCRIPT_OP_JUMP_UNLESS_NOT_EQUAL_ZERO=383;SCRIPT_OP_JUMP_UNLESS_EQUAL_ZERO=384;SCRIPT_OP_JUMP_UNLESS_GREATER_EQUAL_ZERO=385;SCRIPT_OP_JUMP_UNLESS_LESS_ZERO=386;SCRIPT_OP_JUMP_UNLESS_GREATER_ZERO=387;SCRIPT_OP_JUMP_UNLESS_LESS_EQUAL_ZERO=388;SCRIPT_OP_JUMP_UNLESS_NOT_EQUAL_OPERAND=389;SCRIPT_OP_JUMP_UNLESS_EQUAL_OPERAND=390;SCRIPT_OP_JUMP_UNLESS_LESS_EQUAL_OPERAND=391;SCRIPT_OP_JUMP_UNLESS_GREATER_EQUAL_OPERAND=392;SCRIPT_OP_JUMP_UNLESS_LESS_OPERAND=393;SCRIPT_OP_JUMP_UNLESS_GREATER_OPERAND=394;SCRIPT_OP_JUMP_UNLESS_PLAYER_IN_VIEW_NORMAL=395;SCRIPT_OP_JUMP_UNLESS_PLAYER_IN_VIEW_INVERTED=396;SCRIPT_OP_JUMP_UNLESS_HP_PERCENT_ROLL_LESS_EQUAL=397;SCRIPT_OP_JUMP_UNLESS_HP_PERCENT_ROLL_GREATER=398;SCRIPT_OP_JUMP_UNLESS_HP_QUARTER_ROLL_GREATER_EQUAL=399;SCRIPT_OP_JUMP_UNLESS_HP_QUARTER_ROLL_LESS=400;SCRIPT_OP_JUMP_UNLESS_ACTOR_VISIBLE_NORMAL=401;SCRIPT_OP_JUMP_UNLESS_ACTOR_VISIBLE_INVERTED=402;SCRIPT_OP_JUMP_UNLESS_PLAYER_NEAR_FRONT_NORMAL=403;SCRIPT_OP_JUMP_UNLESS_PLAYER_NEAR_FRONT_INVERTED=404;SCRIPT_OP_JUMP_UNLESS_PLAYER_AT_RANGE_NORMAL=405;SCRIPT_OP_JUMP_UNLESS_PLAYER_AT_RANGE_INVERTED=406;SCRIPT_OP_JUMP_UNLESS_ACTOR_CAN_STEP_AWAY_NORMAL=407;SCRIPT_OP_JUMP_UNLESS_ACTOR_CAN_STEP_AWAY_INVERTED=408;SCRIPT_OP_IF_BLOCKED_BEHIND_NORMAL=409;SCRIPT_OP_IF_BLOCKED_BEHIND_INVERTED=410;SCRIPT_OP_JUMP_UNLESS_IN_ROSTER_NORMAL=411;SCRIPT_OP_JUMP_UNLESS_IN_ROSTER_INVERTED=412;SCRIPT_OP_JUMP_UNLESS_ROSTER_FULL_NORMAL=413;SCRIPT_OP_JUMP_UNLESS_ROSTER_FULL_INVERTED=414;SCRIPT_OP_JUMP_UNLESS_ALIGNMENT_MATCH_NORMAL=415;SCRIPT_OP_JUMP_UNLESS_ALIGNMENT_MATCH_INVERTED=416;SCRIPT_OP_JUMP_UNLESS_CAN_AFFORD_NORMAL=417;SCRIPT_OP_JUMP_UNLESS_CAN_AFFORD_INVERTED=418;SCRIPT_OP_JUMP_UNLESS_IN_PARTY_NORMAL=419;SCRIPT_OP_JUMP_UNLESS_IN_PARTY_INVERTED=420;SCRIPT_OP_IF_HAS_ITEM_NORMAL=421;SCRIPT_OP_IF_HAS_ITEM_INVERTED=422;SCRIPT_OP_IF_HAS_ALL_ITEMS_NORMAL=423;SCRIPT_OP_IF_HAS_ALL_ITEMS_INVERTED=424;SCRIPT_OP_JUMP_UNLESS_HEALTHY_NORMAL=425;SCRIPT_OP_JUMP_UNLESS_HEALTHY_INVERTED=426;SCRIPT_OP_JUMP_UNLESS_COMPANION_HEALTHY_NORMAL=427;SCRIPT_OP_JUMP_UNLESS_COMPANION_HEALTHY_INVERTED=428;SCRIPT_OP_JUMP_UNLESS_HERO_EQUIPPED_NORMAL=429;SCRIPT_OP_JUMP_UNLESS_HERO_EQUIPPED_INVERTED=430;SCRIPT_OP_IF_NO_ACTOR_NORMAL=431;SCRIPT_OP_IF_NO_ACTOR_INVERTED=432;SCRIPT_OP_BEGIN_CHOICES=433;SCRIPT_OP_NEXT_CHOICE=434;SCRIPT_OP_END_CHOICES=439;SCRIPT_OP_CLEAR_MESSAGE_WINDOW=442;SCRIPT_OP_SCROLL_WINDOW=443;SCRIPT_OP_GET_WINDOW_SCROLL_TOP=444;SCRIPT_OP_SET_WINDOW_SCROLL_TOP=445;SCRIPT_OP_GET_WINDOW_INDENT=446;SCRIPT_OP_SET_WINDOW_INDENT=447;SCRIPT_OP_GET_WINDOW_SCROLL_STEP=448;SCRIPT_OP_SET_WINDOW_SCROLL_STEP=449;SCRIPT_OP_GET_WINDOW_CURSOR=450;SCRIPT_OP_SET_WINDOW_CURSOR=451;SCRIPT_OP_PLAY_SOUND_EFFECT=452;SCRIPT_OP_PLAY_MUSIC=453;SCRIPT_OP_INCREASE_HP=455;SCRIPT_OP_DECREASE_HP=456;SCRIPT_OP_INCREASE_MP=457;SCRIPT_OP_DECREASE_MP=458;SCRIPT_OP_APPLY_OBJECT_CONDITION=459;SCRIPT_OP_CLEAR_OBJECT_CONDITION=460;SCRIPT_OP_SHIFT_PLAYER_ALIGNMENT_B=461;SCRIPT_OP_SHIFT_PLAYER_ALIGNMENT_A=462;SCRIPT_OP_SAVE_OBJECT_CONDITIONS=463;SCRIPT_OP_BEGIN_WINDOW_ALT_TEXT=464;SCRIPT_OP_END_WINDOW_ALT_TEXT=465;SCRIPT_OP_BEGIN_WINDOW_INSTANT_TEXT=466;SCRIPT_OP_END_WINDOW_INSTANT_TEXT=467;SCRIPT_OP_SET_OBJECT_FAMILIARITY=468;SCRIPT_OP_SET_OBJECT_FAMILIARITY_NEGATED=469;SCRIPT_OP_ADD_ACTOR_FAMILIARITY=470;SCRIPT_OP_SUBTRACT_ACTOR_FAMILIARITY=471;SCRIPT_OP_ADD_FAMILIARITY_COUNT=472;SCRIPT_OP_SUBTRACT_FAMILIARITY_COUNT=473;SCRIPT_OP_ADD_ACTOR_LEVEL_GAP=474;SCRIPT_OP_SUBTRACT_ACTOR_LEVEL_GAP=475;SCRIPT_OP_SET_ACTOR_FAMILIARITY=476;SCRIPT_OP_SET_ACTOR_LEVEL_GAP=477;SCRIPT_OP_RESTART_AND_DESPAWN=478;SCRIPT_OP_RESTART_AND_STEP_ACTOR_BACK=479;SCRIPT_OP_STEP_ACTOR_FORWARD=481;SCRIPT_OP_STEP_ACTOR_BACK=482;SCRIPT_OP_TRANSITION_FORWARD=483;SCRIPT_OP_TRANSITION_BACK=484;SCRIPT_OP_END_ALIAS_2=485;SCRIPT_OP_UNEQUIP_LEADER_GUN_AND_AMMO=487;SCRIPT_OP_SET_LONG_VAR=488;SCRIPT_OP_SWAP_LONG_VARS=489;SCRIPT_OP_COPY_LONG_VAR=490;SCRIPT_OP_UNSET_LONG_VAR=491;SCRIPT_OP_ZERO_LONG_VAR=492;SCRIPT_OP_NEG_LONG_VAR=493;SCRIPT_OP_NOT_LONG_VAR=494;SCRIPT_OP_INC_LONG_VAR=495;SCRIPT_OP_DEC_LONG_VAR=496;SCRIPT_OP_INC_LONG_VAR_BELOW=497;SCRIPT_OP_DEC_LONG_VAR_ABOVE=498;SCRIPT_OP_CLAMP_LONG_VAR=499;SCRIPT_OP_ROLL_LONG_VAR=500;SCRIPT_OP_RAND_LONG_VAR=501;SCRIPT_OP_STORE_FRAME_LOCALS=502;SCRIPT_OP_LOAD_FRAME_LOCALS=503;SCRIPT_OP_SWAP_FRAME_LOCALS=504;SCRIPT_OP_SET_TEXT_CHAR_DELAY=505;SCRIPT_OP_ENABLE_TEXT_DELAY=506;SCRIPT_OP_DISABLE_TEXT_DELAY=507;SCRIPT_OP_REPLACE_TEXT_CHAR_DELAY=508;SCRIPT_OP_DISABLE_TEXT_DELAY_SKIP=509;SCRIPT_OP_ENABLE_TEXT_DELAY_SKIP=510;SCRIPT_OP_SET_TEXT_WAIT_FRAMES=511;SCRIPT_OP_DISABLE_TEXT_TIMED_WAIT=512;SCRIPT_OP_ENABLE_TEXT_TIMED_WAIT=513;SCRIPT_OP_ENABLE_TEXT_SCROLL=514;SCRIPT_OP_DISABLE_TEXT_SCROLL=515;SCRIPT_OP_CHANGE_MAP=516;SCRIPT_OP_SET_WORLD_MAP_SPOT=517;SCRIPT_OP_PUSH_SCRIPT_WINDOW=519;SCRIPT_OP_POP_SCRIPT_WINDOW=520;SCRIPT_OP_PUSH_SCRIPT_WINDOW_ALIAS=521;SCRIPT_OP_POP_SCRIPT_WINDOW_ALIAS=522;SCRIPT_OP_START_TICK_COUNTER=523;SCRIPT_OP_PAUSE_TICK_COUNTER=524;SCRIPT_OP_STOP_TICK_COUNTER=525;SCRIPT_OP_GET_TICK_COUNTER=526;SCRIPT_OP_SET_TICK_COUNTER=527;SCRIPT_OP_WAIT_MESSAGE=528;SCRIPT_OP_RUN_CHOICE_MENU=529;SCRIPT_OP_IF_FACING_NORMAL=530;SCRIPT_OP_IF_FACING_INVERTED=531;SCRIPT_OP_IF_RETURN_FACING_NORMAL=532;SCRIPT_OP_IF_RETURN_FACING_INVERTED=533;SCRIPT_OP_IF_OBJECT_HAS_CONDITION_NORMAL=534;SCRIPT_OP_IF_OBJECT_HAS_CONDITION_INVERTED=535;SCRIPT_OP_IF_BLOCKED_AHEAD_NORMAL=536;SCRIPT_OP_IF_BLOCKED_AHEAD_INVERTED=537;SCRIPT_OP_JUMP_UNLESS_ACTOR_CAN_STEP_TOWARD_NORMAL=538;SCRIPT_OP_JUMP_UNLESS_ACTOR_CAN_STEP_TOWARD_INVERTED=539;SCRIPT_OP_BRANCH_ON_ITEMS_FIT_NORMAL=540;SCRIPT_OP_BRANCH_ON_ITEMS_FIT_INVERTED=541;SCRIPT_OP_QUEUE_AUTO_MOVES=542;SCRIPT_OP_ADD_PENDING_ITEM=543;SCRIPT_OP_REMOVE_PENDING_ITEM=544;SCRIPT_OP_GIVE_POOLED_ITEMS=545;SCRIPT_OP_TAKE_POOLED_ITEMS=546;SCRIPT_OP_FIND_FIRST_MEMBER_BY_HP_STATE=547;SCRIPT_OP_MASK_MEMBERS_BY_HP_STATE=548;SCRIPT_OP_FIND_FIRST_MEMBER_BY_MP_STATE=549;SCRIPT_OP_MASK_MEMBERS_BY_MP_STATE=550;SCRIPT_OP_FIND_FIRST_MEMBER_WITH_CONDITION=551;SCRIPT_OP_MASK_MEMBERS_WITH_CONDITION=552;SCRIPT_OP_FIND_FIRST_MEMBER_BY_ALIGNMENT_A=553;SCRIPT_OP_MASK_MEMBERS_BY_ALIGNMENT_A=554;SCRIPT_OP_FIND_FIRST_MEMBER_BY_ALIGNMENT_B=555;SCRIPT_OP_MASK_MEMBERS_BY_ALIGNMENT_B=556;SCRIPT_OP_COUNT_ITEM_OWNED=557;SCRIPT_OP_ENABLE_CHOICE_CANCEL=558;SCRIPT_OP_DISABLE_CHOICE_CANCEL=559;SCRIPT_OP_CALL_SUB_SCENE=560;SCRIPT_OP_GET_ACTOR_MOON_VALUE=561;SCRIPT_OP_STORE_ACTOR_DISTANCE=562;SCRIPT_OP_PLACE_SCRIPT_ACTOR=563;SCRIPT_OP_RETIRE_SCRIPT_ACTOR=564;SCRIPT_OP_IGNORE_TWO_WORDS=566;SCRIPT_OP_SET_OBJECT_FIELD=570;SCRIPT_OP_IGNORE_WORD_BYTE_WORD=571;SCRIPT_OP_SQRT_LONG_VAR_EXPLICIT=572;SCRIPT_OP_SQRT_LONG_VAR_IN_PLACE=573;SCRIPT_OP_PRINT_ROSTER_NAME=574;SCRIPT_OP_INCREASE_HP_ALIAS=576;SCRIPT_OP_INCREASE_MP_ALIAS=577;SCRIPT_OP_CLEAR_OBJECT_CONDITION_ALIAS=578;SCRIPT_OP_GET_SELECTED_OBJECT_ID=579;SCRIPT_OP_NEVER_JUMP_0=580;SCRIPT_OP_NEVER_JUMP_1=581;SCRIPT_OP_NEVER_JUMP_2=582;SCRIPT_OP_NEVER_JUMP_3=583;SCRIPT_OP_NEVER_JUMP_4=584;SCRIPT_OP_NEVER_JUMP_5=585;SCRIPT_OP_NEVER_JUMP_6=586;SCRIPT_OP_NEVER_JUMP_7=587;SCRIPT_OP_NEVER_JUMP_8=588;SCRIPT_OP_NEVER_JUMP_9=589;SCRIPT_OP_NEVER_JUMP_10=590;SCRIPT_OP_NEVER_JUMP_11=591;SCRIPT_OP_JUMP_UNLESS_ROSTER_HAS_NO_DEMONS_NORMAL=592;SCRIPT_OP_JUMP_UNLESS_ROSTER_HAS_NO_DEMONS_INVERTED=593;SCRIPT_OP_IF_OBJECT_IS_ALLY_NORMAL=604;SCRIPT_OP_IF_OBJECT_IS_ALLY_INVERTED=605;SCRIPT_OP_IF_STATUS_POSITIVE_NORMAL=606;SCRIPT_OP_IF_STATUS_POSITIVE_INVERTED=607;SCRIPT_OP_RECOVER_ROSTER_HP=610;SCRIPT_OP_RECOVER_ROSTER_MP=611;SCRIPT_OP_CURE_ROSTER_CONDITION=612;SCRIPT_OP_MASK_ROSTER_BY_KIND=613;SCRIPT_OP_SHOW_BACKGROUND=614;SCRIPT_OP_RESTORE_BACKGROUND=615;SCRIPT_OP_OPEN_SCRIPT_PANEL=616;SCRIPT_OP_CLOSE_LAST_SCRIPT_PANEL=617;SCRIPT_OP_CLOSE_ALL_SCRIPT_PANELS=618;SCRIPT_OP_SET_PANEL_ENTRY_JUMP=619;SCRIPT_OP_DRAW_SCRIPT_PANELS=620;SCRIPT_OP_SKIP_PANEL_OPERANDS=621;SCRIPT_OP_SET_PANEL_ENTRY_VALUE=622;SCRIPT_OP_PUSH_GAME_STATE=623;SCRIPT_OP_LOAD_RECORD=624;SCRIPT_OP_OPEN_ITEM_LIST_WINDOW=625;SCRIPT_OP_CLOSE_ITEM_LIST_WINDOW=626;SCRIPT_OP_CLOSE_SCRIPT_PANEL=627;SCRIPT_OP_REDRAW_ITEM_LIST_TOTAL=628;SCRIPT_OP_IF_POOL_HAS_ITEMS_NORMAL=629;SCRIPT_OP_IF_POOL_HAS_ITEMS_INVERTED=630;SCRIPT_OP_IF_BAG_HAS_ENTRIES_NORMAL=631;SCRIPT_OP_IF_BAG_HAS_ENTRIES_INVERTED=632;SCRIPT_OP_FUSION_MENU_PAIR_FIRST=633;SCRIPT_OP_FUSION_MENU_PAIR_SECOND=634;SCRIPT_OP_FUSION_MENU_TRIPLE_THIRD=635;SCRIPT_OP_FUSION_MENU_TRIPLE_FIRST=636;SCRIPT_OP_FUSION_MENU_TRIPLE_SECOND=637;SCRIPT_OP_RUN_FUSION_PAIR=638;SCRIPT_OP_RUN_FUSION_TRIPLE=639;SCRIPT_OP_END_FUSION=640;SCRIPT_OP_FUSION_MENU_PAIR_COMMIT=641;SCRIPT_OP_FUSION_MENU_TRIPLE_COMMIT=642;SCRIPT_OP_OPEN_STATUS=643;SCRIPT_OP_IGNORE_VALUE=645;SCRIPT_OP_IGNORE_VALUE_ALIAS_1=646;SCRIPT_OP_IGNORE_VALUE_ALIAS_2=647;SCRIPT_OP_SET_SCENE_RENDER_MODE=649;SCRIPT_OP_SET_BLANK_RENDER_MODE=650;SCRIPT_OP_SET_BLANK_RENDER_MODE_ALIAS=652;SCRIPT_OP_JUMP_IF=660;SCRIPT_OP_SKIP_JUMP_TARGET=661;SCRIPT_OP_JUMP_UNLESS_AT_MOST_ONE_DEMON=662;SCRIPT_OP_JUMP_UNLESS_AT_MOST_TWO_DEMONS=663;SCRIPT_OP_CREATE_SCRIPT_MENU=664;SCRIPT_OP_RUN_SCRIPT_MENU=665;SCRIPT_OP_DESTROY_SCRIPT_MENU=666;SCRIPT_OP_ADD_MENU_LINE=667;SCRIPT_OP_CLEAR_TEXT_BUFFERS=668;SCRIPT_OP_FORMAT_NUMBER=669;SCRIPT_OP_FORMAT_CAPTURED_TEXT=670;SCRIPT_OP_RETURN_FROM_CALL=671;SCRIPT_OP_GET_MENU_TAG=672;SCRIPT_OP_ALLOC_LONG_ARRAY=673;SCRIPT_OP_FREE_LONG_ARRAY=674;SCRIPT_OP_GET_LONG_ARRAY_ITEM=675;SCRIPT_OP_SET_LONG_ARRAY_ITEM=676;SCRIPT_OP_CONVERT_CHARACTER_REF=677;SCRIPT_OP_SELECT_PARTY_SLOT=678;SCRIPT_OP_END_PARTY_SLOT_SELECT=679;SCRIPT_OP_JUMP_UNLESS_FLAG_SET=680;SCRIPT_OP_LOAD_DATA_FILE=681;SCRIPT_OP_FREE_DATA_FILE=682;SCRIPT_OP_READ_RECORD_INT=683;SCRIPT_OP_READ_DATA_INT=684;SCRIPT_OP_SAVE_SCENE_CELL=685;SCRIPT_OP_MODIFY_EVENT_FLAG_BY_VALUE=686;SCRIPT_OP_TEST_EVENT_FLAG_BY_VALUE=687;SCRIPT_OP_SWITCH_ON_VALUE_JUMP=688;SCRIPT_OP_SWITCH_ON_VALUE_CALL=689;SCRIPT_OP_GET_PLAYER_LOCATION=690;SCRIPT_OP_SET_PLAYER_POSITION=691;SCRIPT_OP_GET_HOVERED_OBJECT_ID=692;SCRIPT_OP_SET_MENU_LINE_COLOR=694;SCRIPT_OP_CLEAR_MENU_HIGHLIGHT=695;SCRIPT_OP_GET_MENU_CURSOR=696;SCRIPT_OP_IF_MEMBER_HAS_CONDITION=697;SCRIPT_OP_REFRESH_FIELD_SCREEN=698;SCRIPT_OP_FADE_OUT_AND_CLEAR=699;SCRIPT_OP_RESET_MASK=700;SCRIPT_OP_DRAW_IMAGE=701;SCRIPT_OP_ENTER_FIELD_MAP=702;SCRIPT_OP_ADVANCE_CLOCK=703;SCRIPT_OP_GET_TICKS_UNTIL_MOON_PHASE=704;SCRIPT_OP_GET_DAY_COUNT=705;SCRIPT_OP_GET_TIME_OF_DAY=706;SCRIPT_OP_MOD_LONG_VAR_EXPLICIT=707;SCRIPT_OP_MOD_LONG_VAR_IN_PLACE=708;SCRIPT_OP_SET_OBJECT_PRESENCE=709;SCRIPT_OP_SAVE_DATA_COMMAND=710;SCRIPT_OP_FILL_SCREEN_CELLS=711;SCRIPT_OP_MASK_SCREEN_CELLS=712;SCRIPT_OP_ENABLE_BACKGROUND=713;SCRIPT_OP_SKIP_VALUE_AND_VAR=714;SCRIPT_OP_SET_MESSAGE_HOOK=715;SCRIPT_OP_GET_ITEM_PRICE=716;SCRIPT_OP_STEP_LIST_MENU=717;SCRIPT_OP_IF_BATTLE_RESULT=718;SCRIPT_OP_IF_EVENT_OBJECT_IS=719;SCRIPT_OP_COUNT_OBJECTS_AT=720;SCRIPT_OP_BOOST_POOL=721;SCRIPT_OP_DISMISS_TALK_TARGET=722;SCRIPT_OP_GET_COMBATANT_ID=723;SCRIPT_OP_CAPTURE_DATA_STRING=724;SCRIPT_OP_CAPTURE_RECORD_STRING=725;SCRIPT_OP_REQUEST_QUIT=726;SCRIPT_OP_COUNT_ACTIVE_PARTY=727;SCRIPT_OP_PEEK_POKE_SCRATCH=728;SCRIPT_OP_POLL_MOUSE_CLICK=729;SCRIPT_OP_REDRAW_SCRIPT_MENU=730;SCRIPT_OP_SHOW_PICTURE=731;SCRIPT_OP_SAVE_RESTORE_SCREEN=732;SCRIPT_OP_REBALANCE_MEMBER_STATS=733;SCRIPT_OP_STORE_SCRIPT_VAR=734;SCRIPT_OP_LOAD_SCRIPT_VAR=735;SCRIPT_OP_ADD_ROUTE_POINT=736;SCRIPT_OP_IF_IN_BATTLE=737;SCRIPT_OP_SET_LAST_PANEL_FLAG=738;SCRIPT_OP_GET_FUSION_RESULT=739;SCRIPT_OP_CLEAR_CAPTURED_TEXT=740;SCRIPT_OP_LEVEL_UP_MEMBER=741;SCRIPT_OP_STASH_ITEM_LISTS=742;SCRIPT_OP_GET_BATTLE_OUTCOME=743;SCRIPT_OP_START_COUNTDOWN=744;SCRIPT_OP_CALL_TEXT_SCRIPT=745;SCRIPT_OP_SHOW_EVENT_PICTURE=746;SCRIPT_OP_SET_FIELD_OPTION=747;SCRIPT_OP_SET_FIELD_PARAMS=748;SCRIPT_OP_SET_MENU_CHARACTER=749;SCRIPT_OP_SET_MENU_SCROLL=750;SCRIPT_OP_PLAY_ANIMATION=751;SCRIPT_OP_ADJUST_ITEM_COUNT=752;SCRIPT_OP_LIST_BAG_BY_CATEGORY=753;SCRIPT_OP_GET_BAG_ENTRY=754;SCRIPT_OP_CLEAR_BAG_ENTRY=755;SCRIPT_OP_TAKE_DROP_SLOT=756;SCRIPT_OP_MODIFY_EVENT_FLAG=757;SCRIPT_OP_TEST_EVENT_FLAG=758;SCRIPT_OP_STACK_MESSAGE_WINDOW=759;SCRIPT_OP_JUMP_UNLESS_PLAYER_IN_LINE_NORMAL=760;SCRIPT_OP_JUMP_UNLESS_PLAYER_IN_LINE_INVERTED=761;SCRIPT_OP_SCREEN_TRANSITION=762;SCRIPT_OP_SWAP_SCREEN_STATE=763;SCRIPT_OP_COPY_ITEM_RECORD=764;SCRIPT_OP_ADD_MEMBER_SKILL=765	retain	include/Script/Opcode.h:ScriptOpcode		scriptvm.c reads and dispatches serialized script opcodes to command handlers; equal small numbers in game enums select records, states, or arguments instead.
include/Script/Opcode.h:ScriptOpcodeEncoding	SCRIPT_OPCODE_BANK_ONE=256;SCRIPT_OPCODE_BANK_TWO=512;SCRIPT_OPCODE_BANK_THREE=768	retain	include/Script/Opcode.h:ScriptOpcodeEncoding		scriptvm.c adds 0x100, 0x200, or 0x300 after extension bytes to form ScriptOpcode values; these are bank offsets, not standalone opcodes or object-reference bases.
include/Script/OwnedFlag.h:OwnedFlag	OWNED_TOCHO_MAP=0;OWNED_TOCHO_2_MAP=1;OWNED_HATSUDAI_MAP=2;OWNED_SHIBUYA_MAP=3;OWNED_GINZA_UNDERGROUND_MAP=4;OWNED_YAESU_UNDERGROUND_MAP=5;OWNED_DDS_V1_0=6;OWNED_DCS_V1_0=7;OWNED_DCS_MABUDACHI=8;OWNED_AMS_V1_0=9;OWNED_ARS_V1_0=10;OWNED_DAS_V1_0=11;OWNED_DAS_V1_1=12;OWNED_DDS_V2_0=13;OWNED_DCS_V2_0=14;OWNED_AMS_V2_0=15;OWNED_DAS_V2_0=16;OWNED_SABER_1=17;OWNED_SABER_2=18;OWNED_SABER_3=19;OWNED_SABER_4=20;OWNED_SABER_5=21;OWNED_DDD=22;OWNED_ELEMENT_A=23;OWNED_ELEMENT_B=24;OWNED_ELEMENT_C=25;OWNED_DEVIL_ERASER=26;OWNED_AMS_OBJECT_MAPPING=56;OWNED_MAPPING_AMS=57	retain	include/Script/OwnedFlag.h:OwnedFlag		Game and script code tests these map and program ownership bits in EVENT_FLAG_BANK_OWNED; ScenarioFlag and ScenarioFlag2 address different flag banks.
include/Script/RosterQueryResult.h:RosterQueryResult	ROSTER_QUERY_FIRST_SLOT=0;ROSTER_QUERY_SLOT_MASK=1	pending	include/Script/RosterQueryResult.h:RosterQueryResult		
include/Script/ScenarioFlag.h:ScenarioFlag	SCENARIO_FULL_MOON_1=35;SCENARIO_FULL_MOON_2=36;SCENARIO_NEW_MOON_1=37;SCENARIO_NEW_MOON_2=38;SCENARIO_WITHERED_LOVER_LEFT_ARM=137;SCENARIO_WITHERED_LOVER_RIGHT_ARM=138;SCENARIO_WITHERED_LOVER_LEFT_LEG=139;SCENARIO_WITHERED_LOVER_RIGHT_LEG=140;SCENARIO_WITHERED_LOVER_CHEST=141;SCENARIO_WITHERED_LOVER_ABDOMEN=142	retain	include/Script/ScenarioFlag.h:ScenarioFlag		Clock and item code test story-event indices in EVENT_FLAG_BANK_SCENARIO; ScenarioFlag2 uses the separate second scenario bank.
include/Script/ScenarioFlag.h:ScenarioFlag2	SCENARIO_2_HEROINE_REVIVAL_1=12;SCENARIO_2_RAINBOW_BRIDGE=13;SCENARIO_2_STEP_DAMAGE_SUPPRESSED=43;SCENARIO_2_PARTY_COMBAT_EFFECTS_SUPPRESSED=45;SCENARIO_2_FALLEN_RESCUE_SUPPRESSED=79;SCENARIO_2_WITHERED_LOVER_HEAD=93;SCENARIO_2_KATSURAGI_CIVILIAN_PORTRAIT=94;SCENARIO_2_TACHIBANA_CIVILIAN_PORTRAIT=117	retain	include/Script/ScenarioFlag.h:ScenarioFlag2		Field and status code test these story-event indices in EVENT_FLAG_BANK_SCENARIO_2; ScenarioFlag uses the first scenario bank.
include/Script/Script.h:CharacterRefConversion	ROSTER_TO_PARTY=0;PARTY_TO_ROSTER=1;ROSTER_TO_OBJECT_REF=2;OBJECT_REF_TO_ROSTER=3;PARTY_TO_OBJECT_REF=4;OBJECT_REF_TO_PARTY=5;ROSTER_TO_CHARACTER_ID=6;CHARACTER_ID_TO_ROSTER=7	pending	include/Script/Script.h:CharacterRefConversion		
include/Script/ScriptCmd.h:ItemCountScope	ITEM_COUNT_BAG=0;ITEM_COUNT_EQUIPMENT=1;ITEM_COUNT_BAG_AND_EQUIPMENT=2	pending	include/Script/ScriptCmd.h:ItemCountScope		
include/Script/ScriptCmd.h:ScriptChoiceSubstep	SCRIPT_CHOICE_SUBSTEP_INITIALIZE=0;SCRIPT_CHOICE_SUBSTEP_POLL=1	retain	include/Script/ScriptCmd.h:ScriptChoiceSubstep		RunScriptChoiceState uses GetGameSub to initialize its choice list at 0 and poll it at 1; SystemMenuChoiceStep uses GetGameStep and opens a two-row system menu.
include/Script/ScriptCmd.h:AlignmentStepMode	ALIGNMENT_STEP_TO_POSITIVE=0;ALIGNMENT_STEP_TO_NEUTRAL=1;ALIGNMENT_STEP_TO_NEGATIVE=2	pending	include/Script/ScriptCmd.h:AlignmentStepMode		
include/Script/ScriptComparisonRhs.h:ScriptComparisonRhs	SCRIPT_COMPARE_WITH_ZERO=0;SCRIPT_COMPARE_WITH_OPERAND=1	pending	include/Script/ScriptComparisonRhs.h:ScriptComparisonRhs		
include/Script/ScriptOperand.h:ScriptOperandKind	SCRIPT_OPERAND_BYTE=0;SCRIPT_OPERAND_WORD=1;SCRIPT_OPERAND_LONG=2;SCRIPT_OPERAND_LONG_VAR=3;SCRIPT_OPERAND_SIGNED_BYTE=4;SCRIPT_OPERAND_SIGNED_WORD=5;SCRIPT_OPERAND_ITEM_PRICE=6;SCRIPT_OPERAND_ITEM_SELL_PRICE=7;SCRIPT_OPERAND_ROLLED_MACCA=9;SCRIPT_OPERAND_OBJECT_MACCA=10;SCRIPT_OPERAND_ROLLED_MAGNETITE=11;SCRIPT_OPERAND_OBJECT_MAGNETITE=12;SCRIPT_OPERAND_WORD_ALIAS_1=13;SCRIPT_OPERAND_WORD_ALIAS_2=14;SCRIPT_OPERAND_WORD_ALIAS_3=15;SCRIPT_OPERAND_WORD_ALIAS_4=16;SCRIPT_OPERAND_WORD_ALIAS_5=17;SCRIPT_OPERAND_WORD_ALIAS_6=18;SCRIPT_OPERAND_WORD_ALIAS_7=19;SCRIPT_OPERAND_WORD_ALIAS_8=20;SCRIPT_OPERAND_WORD_ALIAS_9=21;SCRIPT_OPERAND_WORD_ALIAS_10=22;SCRIPT_OPERAND_WORD_ALIAS_11=23;SCRIPT_OPERAND_WORD_ALIAS_12=24;SCRIPT_OPERAND_OBJECT_STAT_0=25;SCRIPT_OPERAND_OBJECT_STAT_1=26;SCRIPT_OPERAND_OBJECT_STAT_2=27;SCRIPT_OPERAND_OBJECT_STAT_3=28;SCRIPT_OPERAND_OBJECT_STAT_4=29;SCRIPT_OPERAND_OBJECT_STAT_5=30;SCRIPT_OPERAND_OBJECT_STAT_6=31;SCRIPT_OPERAND_OBJECT_STAT_7=32;SCRIPT_OPERAND_OBJECT_STAT_8=33;SCRIPT_OPERAND_OBJECT_STAT_9=34;SCRIPT_OPERAND_OBJECT_STAT_10=35;SCRIPT_OPERAND_OBJECT_LEVEL=36;SCRIPT_OPERAND_OBJECT_LEVEL_GAP=37;SCRIPT_OPERAND_OBJECT_FAMILIARITY=38;SCRIPT_OPERAND_OBJECT_FAMILIARITY_COUNT=39;SCRIPT_OPERAND_ROLLED_MACCA_WITH_UNIT=40;SCRIPT_OPERAND_ROLLED_MAGNETITE_WITH_UNIT=41;SCRIPT_OPERAND_IGNORED_WORD=42;SCRIPT_OPERAND_OBJECT_HP=43;SCRIPT_OPERAND_OBJECT_MP=44;SCRIPT_OPERAND_OBJECT_MAX_HP=45;SCRIPT_OPERAND_OBJECT_MAX_MP=46;SCRIPT_OPERAND_OBJECT_ALIGNMENT_B=47;SCRIPT_OPERAND_OBJECT_ALIGNMENT_A=48;SCRIPT_OPERAND_STATUS_CONDITION=49;SCRIPT_OPERAND_OBJECT_ID=56;SCRIPT_OPERAND_OBJECT_WEAPON_DEFENSE=57;SCRIPT_OPERAND_OBJECT_FOURTH_GROUP_BASE=58;SCRIPT_OPERAND_OBJECT_WEAPON=59;SCRIPT_OPERAND_OBJECT_GUN=60;SCRIPT_OPERAND_OBJECT_AMMO=61;SCRIPT_OPERAND_OBJECT_RACE=62;SCRIPT_OPERAND_OBJECT_WEAPON_GROUP_BASE=63;SCRIPT_OPERAND_OBJECT_GUN_GROUP_BASE=64;SCRIPT_OPERAND_OBJECT_MAGIC_GROUP_BASE=65;SCRIPT_OPERAND_OBJECT_HEAD=66;SCRIPT_OPERAND_OBJECT_BODY=67;SCRIPT_OPERAND_OBJECT_ARMS=68;SCRIPT_OPERAND_OBJECT_LEGS=69;SCRIPT_OPERAND_OBJECT_ACCESSORY=70;SCRIPT_OPERAND_OBJECT_TRAINING_0=71;SCRIPT_OPERAND_OBJECT_TRAINING_1=72;SCRIPT_OPERAND_OBJECT_TRAINING_2=73;SCRIPT_OPERAND_OBJECT_TRAINING_3=74;SCRIPT_OPERAND_ACTION_VALUE=75;SCRIPT_OPERAND_HP_CHANGE=76;SCRIPT_OPERAND_MP_CHANGE=77;SCRIPT_OPERAND_EFFECT_CONDITION=78;SCRIPT_OPERAND_BATTLE_RESULT_VALUE=79;SCRIPT_OPERAND_OBJECT_EXPERIENCE=80;SCRIPT_OPERAND_OBJECT_LEVEL_BONUS=81;SCRIPT_OPERAND_OBJECT_AFFILIATION_0=82;SCRIPT_OPERAND_OBJECT_AFFILIATION_1=83;SCRIPT_OPERAND_OBJECT_AFFILIATION_2=84;SCRIPT_OPERAND_OBJECT_TITLE=85;SCRIPT_OPERAND_OBJECT_WEAPON_VALUE=86;SCRIPT_OPERAND_OBJECT_GUN_VALUE=87;SCRIPT_OPERAND_OBJECT_AMMO_VALUE=88;SCRIPT_OPERAND_OBJECT_HEAD_VALUE=89;SCRIPT_OPERAND_OBJECT_BODY_VALUE=90;SCRIPT_OPERAND_OBJECT_ARMS_VALUE=91;SCRIPT_OPERAND_OBJECT_LEGS_VALUE=92;SCRIPT_OPERAND_OBJECT_ACCESSORY_VALUE=93	pending	include/Script/ScriptOperand.h:ScriptOperandKind		
include/Script/ScriptOperand.h:ContestStat	CONTEST_LEVEL=11;CONTEST_LEVEL_GAP=12;CONTEST_FAMILIARITY=13;CONTEST_FAMILIARITY_COUNT=14	pending	include/Script/ScriptOperand.h:ContestStat		
include/Script/ScriptOperand.h:ScriptBattleResultSelector	SCRIPT_BATTLE_RESULT_MACCA=0;SCRIPT_BATTLE_RESULT_MAGNETITE=1;SCRIPT_BATTLE_RESULT_EXPERIENCE_PER_MEMBER=2;SCRIPT_BATTLE_RESULT_FIRST_DROP_ITEM=3	retain	include/Script/ScriptOperand.h:ScriptBattleResultSelector		GetBattleResultValue reads battle rewards, including experience per member and a first drop; ActorSpoilKind selects mutation of actor spoils.
include/Script/ScriptOperand.h:ScriptActionValueSelector	SCRIPT_ACTION_VALUE_RESULT=0;SCRIPT_ACTION_VALUE_HP_CHANGE=1;SCRIPT_ACTION_VALUE_MP_CHANGE=2;SCRIPT_ACTION_VALUE_DRAIN_AMOUNT=3	pending	include/Script/ScriptOperand.h:ScriptActionValueSelector		
include/Script/ScriptOps.h:ScriptFlagAction	SCRIPT_FLAG_TEST=0;SCRIPT_FLAG_SET=1;SCRIPT_FLAG_CLEAR=2;SCRIPT_FLAG_TOGGLE=3	retain	include/Script/ScriptOps.h:ScriptFlagAction		OpApplyEventFlag handles test, set, clear, and toggle as 0/1/2/3; BitChangeMode has only clear 0 and set 1, so their shared set value does not make one encoding.
include/Script/ScriptOps.h:ScriptItemListOperation	SCRIPT_ITEM_LIST_BUY=0;SCRIPT_ITEM_LIST_SELL=1	retain	include/Script/ScriptOps.h:ScriptItemListOperation		scripttext.c selects buy or sell handling for a script item list; ItemStashAction instead saves or restores bag entries.
include/Script/ScriptOps.h:ScriptBagCategory	SCRIPT_BAG_CATEGORY_ALL=0;SCRIPT_BAG_CATEGORY_NON_SCENARIO=20;SCRIPT_BAG_CATEGORY_PRICED_NON_SCENARIO=21;SCRIPT_BAG_CATEGORY_ZERO_PRICE=22	retain	include/Script/ScriptOps.h:ScriptBagCategory		scriptactor.c accepts item-kind values as categories but reserves 0 for all and 20..22 for scenario and price filters; ItemKind has a distinct meaning at 0.
include/Script/ScriptOps.h:SaveDataOperation	SAVE_DATA_SUMMARY=0;SAVE_DATA_SAVE=1;SAVE_DATA_LOAD=2;SAVE_DATA_SUMMARY_TEXT=3	retain	include/Script/ScriptOps.h:SaveDataOperation		scriptop.c dispatches summary, save, load, and summary-text commands; its 0..3 selector is not a save-summary field or game phase.
include/Script/ScriptOps.h:ActorRewardKind	ACTOR_REWARD_FIRST_ITEM=0;ACTOR_REWARD_SECOND_ITEM=1;ACTOR_REWARD_GEM=2;ACTOR_REWARD_PICK_ITEM=3;ACTOR_REWARD_SPOIL_MACCA=4;ACTOR_REWARD_SPOIL_MAGNETITE=5;ACTOR_REWARD_SPOIL_EXPERIENCE=6;ACTOR_REWARD_RANDOM=7;ACTOR_REWARD_HEALED=7;ACTOR_REWARD_RANDOM_B=8;ACTOR_REWARD_BOMB_ATTACK=8;ACTOR_REWARD_PUNCH_ATTACK=9	pending	include/Script/ScriptOps.h:ActorRewardKind		
include/Script/ScriptOps.h:StatContestLevel	STAT_CONTEST_LEVEL_0=0;STAT_CONTEST_LEVEL_1=1;STAT_CONTEST_LEVEL_2=2;STAT_CONTEST_LEVEL_3=3	pending	include/Script/ScriptOps.h:StatContestLevel		
include/Script/ScriptSprite.h:SpritePlacementOverride	SPRITE_OVERRIDE_NONE=0;SPRITE_OVERRIDE_IMAGE_SLOT_ONE=1;SPRITE_OVERRIDE_IMAGE_SLOT_ZERO=2;SPRITE_OVERRIDE_RAISE_MATCHING=3;SPRITE_OVERRIDE_X40_Y240=4;SPRITE_OVERRIDE_X40_Y213=5;SPRITE_OVERRIDE_X40_Y225=6;SPRITE_OVERRIDE_X40_Y218=7;SPRITE_OVERRIDE_X40_Y230=8;SPRITE_OVERRIDE_X40_Y212=9	pending	include/Script/ScriptSprite.h:SpritePlacementOverride		
include/Script/ScriptStatus.h:ScriptStatus	SCRIPT_YIELD=-3;SCRIPT_END=-1;SCRIPT_CONTINUE=0	retain	include/Script/ScriptStatus.h:ScriptStatus		The script VM returns continue, end, or yield to the script loop; SubstateResult only reports running or finished to the game-state stack.
include/Script/ScriptSwitchEncoding.h:ScriptSwitchEncoding	SCRIPT_SWITCH_END=255;SCRIPT_SWITCH_LOCAL_JUMP=256	pending	include/Script/ScriptSwitchEncoding.h:ScriptSwitchEncoding		
include/Script/ScriptText.h:ScriptWindowStackAction	SCRIPT_WINDOW_STACK_PUSH_MESSAGE=0;SCRIPT_WINDOW_STACK_DROP_TOP=1	retain	include/Script/ScriptText.h:ScriptWindowStackAction		scripttext.c chooses pushing a message window or dropping the top of the script window stack; the 0/1 values are stack actions.
include/Script/ScriptValueSign.h:ScriptValueSign	SCRIPT_VALUE_AS_READ=0;SCRIPT_VALUE_NEGATED=1	retain	include/Script/ScriptValueSign.h:ScriptValueSign		scriptvm.c passes as-read or negated to familiarity and level-gap helpers; the choice changes the sign of a script value, not a predicate polarity.
include/Script/ScriptVars.h:ScriptSceneStep	SCRIPT_SCENE_STEP_START=0;SCRIPT_SCENE_STEP_ADVANCE_TEXT=1;SCRIPT_SCENE_STEP_RUN=2;SCRIPT_SCENE_STEP_END=3;SCRIPT_SCENE_STEP_RESUME_FIELD_MAP=4;SCRIPT_SCENE_STEP_WAIT_PERIOD=5	pending	include/Script/ScriptVars.h:ScriptSceneStep		
include/Script/TextToken.h:TextTokenKind	TEXT_TOKEN_FULL_NAME=0;TEXT_TOKEN_RACE_NAME=1;TEXT_TOKEN_RACE_NAME_ALIAS=2;TEXT_TOKEN_PANTHEON_NAME=3;TEXT_TOKEN_RECORD_NAME=4;TEXT_TOKEN_EMPTY_5=5;TEXT_TOKEN_EMPTY_6=6;TEXT_TOKEN_NAME_PREFIX=7;TEXT_TOKEN_NONHUMAN_NAME_PREFIX=8;TEXT_TOKEN_BLOOD_TYPE=9;TEXT_TOKEN_SIGN=10;TEXT_TOKEN_AFFILIATION=11;TEXT_TOKEN_STATUS_CONDITION=12;TEXT_TOKEN_EMPTY_13=13;TEXT_TOKEN_EMPTY_14=14;TEXT_TOKEN_RECORD_NAME_ALIAS=15;TEXT_TOKEN_DEMON_CLASS=16;TEXT_TOKEN_SKILL_NAME=17;TEXT_TOKEN_CONDITION_NAME=18;TEXT_TOKEN_STATUS_CONDITION_ALIAS=19	pending	include/Script/TextToken.h:TextTokenKind		
include/Script/WindowColorStash.h:WindowColorStashAction	WINDOW_COLOR_RESTORE=0;WINDOW_COLOR_SAVE=1	retain	include/Script/WindowColorStash.h:WindowColorStashAction		StashWindowColor restores at 0 and saves at 1; ItemStashAction uses 0 for saving bag items and 1 for restoring them, with a different owner and ordering.
include/Script/WindowReverseMode.h:WindowReverseMode	WINDOW_ATTR_REVERSE=-1;WINDOW_ATTR_RESET=0;WINDOW_ATTR_RESET_AND_REVERSE=1	retain	include/Script/WindowReverseMode.h:WindowReverseMode		SetWindowReverse interprets -1 as reverse, 0 as reset, and 1 as reset-and-reverse for text attributes; equal status sentinels do not alter window attributes.
include/Sound/MidiStream.h:MidiPart	MIDI_PART_INTRO=0;MIDI_PART_LOOP=1;MIDI_PART_COUNT=2	retain	include/Sound/MidiStream.h:MidiPart		CMidiStream indexes two filenames, formats, and buffer arrays by intro and loop part; its 0/1 indices do not describe playback state.
include/Sound/MidiStream.h:MidiPlayState	MIDI_STATE_EMPTY=0;MIDI_STATE_STOPPED=1;MIDI_STATE_PLAYING=2	retain	include/Sound/MidiStream.h:MidiPlayState		CMidiStream branches on empty, stopped, and playing in Restore and mutates m_state in Play; MidiPart instead indexes intro and loop resources.
include/Text/Font.h:StatBarMark	STAT_BAR_MARK_BASE=0;STAT_BAR_MARK_BONUS=1;STAT_BAR_MARK_EMPTY=2;STAT_BAR_MARK_EQUIPMENT=3;STAT_BAR_MARK_BASE_OVER_50=4	retain	include/Text/Font.h:StatBarMark		Text stat-bar rendering selects base, bonus, empty, equipment, or base-over-50 markers; equal small values in HotspotImageGroup select different image resources.
include/Text/Font.h:HotspotImageGroup	HOTSPOT_IMAGES_NONE=0;HOTSPOT_IMAGES_ARROW_UP=1;HOTSPOT_IMAGES_ARROW_DOWN=2;HOTSPOT_IMAGES_NEW_GAME=3;HOTSPOT_IMAGES_CONTINUE=4;HOTSPOT_IMAGES_PANEL_BUY=5;HOTSPOT_IMAGES_PANEL_SELL=6;HOTSPOT_IMAGES_PANEL_LEAVE=7;HOTSPOT_IMAGES_PANEL_HEAL=8;HOTSPOT_IMAGES_PANEL_CURE=9;HOTSPOT_IMAGES_PANEL_CONSULT=10;HOTSPOT_IMAGES_PANEL_OK=11;HOTSPOT_IMAGES_PANEL_EXIT=12;HOTSPOT_IMAGES_PANEL_CANCEL=13;HOTSPOT_IMAGES_PANEL_ARM=14;HOTSPOT_IMAGES_MODE_EXIT=15;HOTSPOT_IMAGES_MODE_ITEM=16;HOTSPOT_IMAGES_MODE_MAGIC=17;HOTSPOT_IMAGES_MODE_ABILITY=18;HOTSPOT_IMAGES_MODE_NEXT=19;HOTSPOT_IMAGES_MODE_QUIT=20;HOTSPOT_IMAGES_MODE_EQUIP=21;HOTSPOT_IMAGES_MODE_GEM=22;HOTSPOT_IMAGES_MODE_CHART=23;HOTSPOT_IMAGES_ARROW_LEFT=24;HOTSPOT_IMAGES_ARROW_RIGHT=25;HOTSPOT_IMAGES_KEYPAD_0=26;HOTSPOT_IMAGES_KEYPAD_1=27;HOTSPOT_IMAGES_KEYPAD_2=28;HOTSPOT_IMAGES_KEYPAD_3=29;HOTSPOT_IMAGES_KEYPAD_4=30;HOTSPOT_IMAGES_KEYPAD_5=31;HOTSPOT_IMAGES_KEYPAD_6=32;HOTSPOT_IMAGES_KEYPAD_7=33;HOTSPOT_IMAGES_KEYPAD_8=34;HOTSPOT_IMAGES_KEYPAD_9=35;HOTSPOT_IMAGES_KEYPAD_CLEAR=36;HOTSPOT_IMAGES_KEYPAD_OK=37	retain	include/Text/Font.h:HotspotImageGroup		font.cpp stores these values in the hotspot rectangle table to select drawn image groups; equal ordinals in other enums select different tables or actions.
include/Text/MenuLineFlags.h:MenuLineFlags	MENU_LINE_NORMAL=0;MENU_LINE_DISABLED=1;MENU_LINE_UNCHOOSABLE=2	retain	include/Text/MenuLineFlags.h:MenuLineFlags		font.cpp tests disabled and unchoosable bits on each text-menu line; equal bit values in panel flags and other masks belong to different records.
include/Text/TextAttr.h:TextColorIndex	TEXT_COLOR_BLACK=0;TEXT_COLOR_DARK_RED=1;TEXT_COLOR_DARK_GREEN=2;TEXT_COLOR_OLIVE=3;TEXT_COLOR_WHITE=4;TEXT_COLOR_RED=5;TEXT_COLOR_GREEN=6;TEXT_COLOR_YELLOW=7;TEXT_COLOR_NAVY=8;TEXT_COLOR_PURPLE=9;TEXT_COLOR_TEAL=10;TEXT_COLOR_GREY=11;TEXT_COLOR_DARK_GREY=12;TEXT_COLOR_BLUE=13;TEXT_COLOR_MAGENTA=14;TEXT_COLOR_CYAN=15	retain	include/Text/TextAttr.h:TextColorIndex		Text color rows index the text palette; equal 0..15 game indices do not select palette colors.
include/Text/TextBand.h:TextBand	TEXT_BAND_LEFT=-1;TEXT_BAND_CENTER=0;TEXT_BAND_RIGHT=1	retain	include/Text/TextBand.h:TextBand		font.cpp switches on -1/0/1 to align a text band left, center, or right; these are alignment positions, not menu status results.
include/Text/TextEvent.h:TextEvent	TEXT_EVENT_CANCEL=-1;TEXT_EVENT_NONE=0;TEXT_EVENT_CHOOSE=1;TEXT_EVENT_CHOOSE_RIGHT=2;TEXT_EVENT_UNHIGHLIGHT=3;TEXT_EVENT_HIGHLIGHT=4	retain	include/Text/TextEvent.h:TextEvent		PollMenuInput returns cancel, none, choose, right choose, and highlight events to menu handlers; its values describe text interaction, not panel row indices.
include/Ui/FieldMenus.h:PartyPickerMode	PARTY_PICKER_ALL=0;PARTY_PICKER_USABLE_SKILLS=1;PARTY_PICKER_HUMANS=2	retain	include/Ui/FieldMenus.h:PartyPickerMode		PartyPickerHandler filters the party menu to all members, usable-skill members, or humans; PartySlotSelectionMode filters occupied panel slots instead.
include/Ui/FieldMenus.h:PartyPickerResult	PARTY_PICKER_RESULT_CANCELLED=-2;PARTY_PICKER_RESULT_NONE=-1	retain	include/Ui/FieldMenus.h:PartyPickerResult		RunPickerMenu converts menu text results to -2/cancel and -1/wait before RunPartyPicker returns them; RunPanelInput uses the same numbers for direct panel input, with a different positive payload.
include/Ui/FieldMenus.h:PartyPickerCommand	PARTY_PICKER_COMMAND_CLOSE=-1;PARTY_PICKER_COMMAND_CONTINUE=0	retain	include/Ui/FieldMenus.h:PartyPickerCommand		RunPartyPicker accepts close -1 or continue 0 as an input command; PartyPickerResult and ListMenuResult describe outputs with different -1 meanings.
include/Ui/FieldMenus.h:ItemUsePhase	ITEM_USE_PHASE_OPEN=0;ITEM_USE_PHASE_CLOSE=1;ITEM_USE_PHASE_PICK_ITEM=2;ITEM_USE_PHASE_PICK_TARGET=3;ITEM_USE_PHASE_DESTROY_MENU=4;ITEM_USE_PHASE_PROMPT_ACTION=5;ITEM_USE_PHASE_FINISH=6	retain	include/Ui/FieldMenus.h:ItemUsePhase		RunItemUse advances through item and target picks, menu destruction, prompt, and finish; its open/close ordinals coincide with but do not implement other menu states.
include/Ui/FieldMenus.h:FieldSkillUsePhase	SKILL_USE_PHASE_START=0;SKILL_USE_PHASE_CLOSE_MEMBER_PICKER=1;SKILL_USE_PHASE_PICK_MEMBER=2;SKILL_USE_PHASE_OPEN_SKILL_LIST=3;SKILL_USE_PHASE_CLOSE_SKILL_LIST=4;SKILL_USE_PHASE_PICK_SKILL=5;SKILL_USE_PHASE_PICK_TARGET=6;SKILL_USE_PHASE_PROMPT_ACTION=7;SKILL_USE_PHASE_END=8	retain	include/Ui/FieldMenus.h:FieldSkillUsePhase		RunFieldSkillUse advances through member, skill, and target selection plus prompt and end; its low ordinal values do not describe item-use phases.
include/Ui/Hotspot.h:UiHotspotKind	HOTSPOT_TARGET=1;HOTSPOT_NPC=2;HOTSPOT_BOX=3;HOTSPOT_NPC_HERE=14;HOTSPOT_NPC_AHEAD=15	retain	include/Ui/Hotspot.h:UiHotspotKind		The view hotspot list sorts clickable destinations, NPCs, and boxes by kind, with temporary NPC render kinds 14/15; SceneHotspotKind tags scene sprites instead.
include/Ui/Menu.h:ListMenuResult	LIST_MENU_OPEN=-1;LIST_MENU_CANCELLED=-2	retain	include/Ui/Menu.h:ListMenuResult		RunListMenu returns -1 while open and -2 when cancelled, otherwise a selected object ID; PartyPickerResult uses -1 for no party selection after translating menu input.
include/Ui/MenuBox.h:ItemMenuMode	ITEM_MENU_MODE_SHOP=0;ITEM_MENU_MODE_SCRIPT=2	retain	include/Ui/MenuBox.h:ItemMenuMode		MenuContext.item.mode chooses shop or script item-menu behavior in treasurebox.c; it is a context variant, not an item kind or action result.
include/Ui/MenuBox.h:MenuEvent	MENU_EVENT_DESTROY=-1;MENU_EVENT_BEGIN_PAGE=0;MENU_EVENT_ADD_ROW=1;MENU_EVENT_END_PAGE=2;MENU_EVENT_CONTROL=3;MENU_EVENT_BEFORE_TEXT=4;MENU_EVENT_AFTER_TEXT=5;MENU_EVENT_BEFORE_PANEL=6;MENU_EVENT_AFTER_PANEL=7	retain	include/Ui/MenuBox.h:MenuEvent		DispatchMenuEvent calls handlers for page, row, control, text paint, and panel paint lifecycle events; TextEvent instead describes user input on a text plane.
include/Ui/MenuBox.h:MenuControl	MENU_CONTROL_PREVIOUS_PAGE=0;MENU_CONTROL_NEXT_PAGE=1;MENU_CONTROL_PREVIOUS_ROW=2;MENU_CONTROL_NEXT_ROW=3	retain	include/Ui/MenuBox.h:MenuControl		HandleMenuControl interprets panel control rows 0..3 as previous/next page or row; menu item-row enums index their separate displayed choices.
include/Ui/MenuStep.h:MenuStateStep	MENU_STEP_OPEN=0;MENU_STEP_CLOSE=1;MENU_STEP_RUN=2;MENU_STEP_PICK_FIRST=3	retain	include/Ui/MenuStep.h:MenuStateStep		Status pages, the system menu, and debug menu share the open/close/run substep protocol; FusionMenuPhase and full game-state phases use different state storage and payloads.
include/Ui/MenuStep.h:DebugMenuRow	DEBUG_ROW_BGM=0;DEBUG_ROW_SE=1;DEBUG_ROW_MAGIC_EFFECT=2;DEBUG_ROW_DESTROY_ALL_DEMONS=4;DEBUG_ROW_GET_ITEMS=7;DEBUG_ROW_CHANGE_STATS=8;DEBUG_ROW_MOVE_3D=9;DEBUG_ROW_CHANGE_FLAGS=10;DEBUG_ROW_SAVE=11;DEBUG_ROW_LOAD=12;DEBUG_ROW_CHECK_DATA=13	retain	include/Ui/MenuStep.h:DebugMenuRow		RunDebugMenu adds MENU_STEP_PICK_FIRST to these debug-menu row indices before dispatching BGM, items, stats, flags, save, and load actions.
include/Ui/MenuStep.h:DebugMagicRow	DEBUG_MAGIC_ROW_PLUS_1=0;DEBUG_MAGIC_ROW_MINUS_1=1;DEBUG_MAGIC_ROW_PLUS_10=2;DEBUG_MAGIC_ROW_MINUS_10=3;DEBUG_MAGIC_ROW_PLUS_100=4;DEBUG_MAGIC_ROW_MINUS_100=5;DEBUG_MAGIC_ROW_DISTANCE=6;DEBUG_MAGIC_ROW_RUN=7	retain	include/Ui/MenuStep.h:DebugMagicRow		The debug magic-effect submenu uses its own row indices for six skill-number deltas, distance, and run; DebugMenuRow indexes the outer menu.
include/Ui/MenuStep.h:SystemMenuRow	SYSTEM_ROW_AUTO_MAPPING=0;SYSTEM_ROW_AUTO_NAVIGATION=1;SYSTEM_ROW_QUIT=2;SYSTEM_ROW_DEBUG=3	retain	include/Ui/MenuStep.h:SystemMenuRow		RunSystemMenu adds MENU_STEP_PICK_FIRST to rows for auto-mapping, auto-navigation, quit, and debug; DdsMenuRow indexes call, return, and purge.
include/Ui/MenuStep.h:DdsMenuRow	DDS_ROW_CALL=0;DDS_ROW_RETURN=1;DDS_ROW_PURGE=2	retain	include/Ui/MenuStep.h:DdsMenuRow		The DDS menu dispatches call, return, and purge rows in statestack.c; SystemMenuRow indexes distinct display and quit choices.
include/Ui/Panel.h:PanelFlags	PANEL_FLAGS_NONE=0;PANEL_ALLOW_RIGHT_CLICK=2;PANEL_IGNORE_RIGHT_CLICK=4;PANEL_SKIP_HIT_TEST=2048;PANEL_HIDDEN=4096;PANEL_HANDLER_LOCKED=8192;PANEL_HELD_BUTTON_INPUT=16384;PANEL_INPUT_DISABLED=32768	pending	include/Ui/Panel.h:PanelFlags		
include/Ui/Panel.h:PanelRowFlags	PANEL_ROW_CHECKED=1;PANEL_ROW_SAVED_CHECK=16;PANEL_ROW_SAVED_INPUT_DISABLED=128	pending	include/Ui/Panel.h:PanelRowFlags		
include/Ui/Panel.h:PanelInput	PANEL_INPUT_NONE=-1;PANEL_INPUT_CANCELLED=-2	retain	include/Ui/Panel.h:PanelInput		RunPanelInput returns -2/cancel or -1/no row and otherwise a panel row; RunPickerMenu separately converts text-menu results and otherwise returns a selected party object ID.
include/Ui/PartySlotSelection.h:PartySlotSelectionMode	PARTY_SLOT_REQUIRE_OCCUPIED=0;PARTY_SLOT_ANY=1;PARTY_SLOT_EXCLUDE_HUMANS=2	retain	include/Ui/PartySlotSelection.h:PartySlotSelectionMode		FilterPartySlotSelection chooses occupied slots, any slots, or slots excluding humans; it is a filter policy, not PartyPickerMode or a poll result.
include/Ui/PartySlotSelection.h:PartySlotPollResult	PARTY_SLOT_POLL_CANCELLED=-1;PARTY_SLOT_POLL_WAITING=0;PARTY_SLOT_POLL_CONFIRMED=1	retain	include/Ui/PartySlotSelection.h:PartySlotPollResult		PollPartySlotSelection reports whether a party-slot click confirmed, cancelled, or still waits; PickPartySlotTarget explicitly converts that result and may turn confirmation into waiting.
include/Util/BitChangeMode.h:BitChangeMode	BIT_CHANGE_TOGGLE=-1;BIT_CHANGE_CLEAR=0;BIT_CHANGE_SET=1	retain	include/Util/BitChangeMode.h:BitChangeMode		ModifyEventFlag uses -1 as toggle operation; FusionFlagValue uses -1 as unavailable state.
include/Util/Compare.h:ComparisonOperator	COMPARE_NOT_EQUAL=0;COMPARE_EQUAL=1;COMPARE_LESS_EQUAL=2;COMPARE_GREATER_EQUAL=3;COMPARE_LESS=4;COMPARE_GREATER=5	retain	include/Util/Compare.h:ComparisonOperator		Script comparisons dispatch six relational operators in their own fixed encoding; matching 0..5 ordinals in menu and state enums do not represent comparisons.
src/Game/savegame.c:DisplayChoiceStep	DISPLAY_CHOICE_STEP_OPEN=0;DISPLAY_CHOICE_STEP_POLL=1	reuse	include/Game/SaveGame.h:SystemMenuChoiceStep	DISPLAY_CHOICE_STEP_OPEN=include/Game/SaveGame.h:SystemMenuChoiceStep::SYSTEM_CHOICE_OPEN;DISPLAY_CHOICE_STEP_POLL=include/Game/SaveGame.h:SystemMenuChoiceStep::SYSTEM_CHOICE_POLL	RunDisplayChoice and RunQuitConfirm both use GetGameStep to open a two-row system menu at 0 and poll RunMenu at 1; their different choice actions stay in their own handlers.
src/Game/savegame.c:QuitConfirmStep	QUIT_CONFIRM_STEP_OPEN=0;QUIT_CONFIRM_STEP_POLL=1	reuse	include/Game/SaveGame.h:SystemMenuChoiceStep	QUIT_CONFIRM_STEP_OPEN=include/Game/SaveGame.h:SystemMenuChoiceStep::SYSTEM_CHOICE_OPEN;QUIT_CONFIRM_STEP_POLL=include/Game/SaveGame.h:SystemMenuChoiceStep::SYSTEM_CHOICE_POLL	RunDisplayChoice and RunQuitConfirm both use GetGameStep to open a two-row system menu at 0 and poll RunMenu at 1; their different choice actions stay in their own handlers.
src/Game/waitstate.c:MessageBoxStep	MESSAGE_BOX_STEP_WAIT=0;MESSAGE_BOX_STEP_CLOSE=1	pending	src/Game/waitstate.c:MessageBoxStep		
src/Game/worldtravel.c:WorldTravelCellFlag	TRAVEL_PASSABLE=1;TRAVEL_REACHABLE=2	pending	src/Game/worldtravel.c:WorldTravelCellFlag		
src/Script/scriptactor.c:ScriptPoolBoostMode	SCRIPT_POOL_BOOST_NORMAL=0;SCRIPT_POOL_BOOST_DOUBLE_MAX=1;SCRIPT_POOL_BOOST_SIGNED_MAX=2	pending	src/Script/scriptactor.c:ScriptPoolBoostMode		
src/Script/scriptvars.c:ScriptScratchWidth	SCRIPT_SCRATCH_BYTE=1;SCRIPT_SCRATCH_WORD=2;SCRIPT_SCRATCH_FULL_AT_THREE=3;SCRIPT_SCRATCH_FULL=4	retain	src/Script/scriptvars.c:ScriptScratchWidth		The scratch-transfer helper switches on byte, word, and full-width cases to choose its access size; these values are local access-width selectors, not script operand kinds.
src/Script/scriptvars.c:ScriptScratchTransfer	SCRIPT_SCRATCH_PEEK=-1;SCRIPT_SCRATCH_POKE=-2	retain	src/Script/scriptvars.c:ScriptScratchTransfer		The scratch-transfer helper uses -1 for peek and -2 for poke before switching on ScriptScratchWidth; those values select direction, not size or picker outcome.
src/Script/scriptvars.c:TickCounterState	TICK_COUNT_PAUSED=-1;TICK_COUNT_STOPPED=0;TICK_COUNT_RUNNING=1	retain	src/Script/scriptvars.c:TickCounterState		scriptvars.c stores stopped, running, or paused in s_tickCountOn and advances ticks only while positive; this is a clock state, not a menu result.
src/Script/scriptvars.c:ScriptScreenSaveFlags	SCRIPT_SCREEN_SAVE_ALLOCATE=1;SCRIPT_SCREEN_SAVE_SKIP_DRAW_STATE=2	retain	src/Script/scriptvars.c:ScriptScreenSaveFlags		scriptvars.c tests allocate and skip-draw-state bits while capturing or restoring a screen save; equal bits in panel or map flags apply to unrelated records.
src/Ui/message.c:TextWindowStateStep	TEXT_WINDOW_STEP_REPAINT=0;TEXT_WINDOW_STEP_CLOSE=1	retain	src/Ui/message.c:TextWindowStateStep		The text-window state repaints on step 0 and closes on step 1 in message.c; other 0/1 protocols open a menu or initialize a choice.
